IP地址,端口,TLS,数据中心,地区,城市,网络延迟,下载速度
47.76.227.128,8880,false,HKG,Asia Pacific,Hong Kong,64 ms,23685 kB/s
8.218.122.55,8880,false,HKG,Asia Pacific,Hong Kong,66 ms,19862 kB/s
8.218.122.55,2052,false,HKG,Asia Pacific,Hong Kong,59 ms,18990 kB/s
47.238.35.50,2086,false,HKG,Asia Pacific,Hong Kong,55 ms,18804 kB/s
8.217.91.121,2052,false,HKG,Asia Pacific,Hong Kong,70 ms,18604 kB/s
8.218.52.115,2086,false,HKG,Asia Pacific,Hong Kong,60 ms,17893 kB/s
47.76.146.1,8880,false,HKG,Asia Pacific,Hong Kong,69 ms,17178 kB/s
47.238.40.58,2052,false,HKG,Asia Pacific,Hong Kong,59 ms,16984 kB/s
8.218.188.129,2082,false,HKG,Asia Pacific,Hong Kong,57 ms,16157 kB/s
8.217.154.218,80,false,HKG,Asia Pacific,Hong Kong,62 ms,15958 kB/s
47.76.227.128,2082,false,HKG,Asia Pacific,Hong Kong,62 ms,15953 kB/s
47.238.6.102,2052,false,HKG,Asia Pacific,Hong Kong,63 ms,15824 kB/s
47.76.37.57,2082,false,HKG,Asia Pacific,Hong Kong,57 ms,15275 kB/s
8.217.149.28,2086,false,HKG,Asia Pacific,Hong Kong,56 ms,14854 kB/s
47.74.155.26,80,false,SIN,Asia Pacific,Singapore,91 ms,14392 kB/s
8.217.145.40,2086,false,HKG,Asia Pacific,Hong Kong,58 ms,14079 kB/s
8.218.18.235,2052,false,HKG,Asia Pacific,Hong Kong,67 ms,13982 kB/s
47.76.77.103,8880,false,HKG,Asia Pacific,Hong Kong,62 ms,13826 kB/s
8.210.65.1,2086,false,HKG,Asia Pacific,Hong Kong,54 ms,13712 kB/s
8.218.126.53,2052,false,HKG,Asia Pacific,Hong Kong,58 ms,13580 kB/s
47.76.227.40,2052,false,HKG,Asia Pacific,Hong Kong,56 ms,13575 kB/s
47.76.77.103,2082,false,HKG,Asia Pacific,Hong Kong,60 ms,13438 kB/s
8.217.149.28,8080,false,HKG,Asia Pacific,Hong Kong,66 ms,13232 kB/s
8.217.154.218,2052,false,HKG,Asia Pacific,Hong Kong,58 ms,12907 kB/s
8.210.175.109,2052,false,HKG,Asia Pacific,Hong Kong,57 ms,12631 kB/s
8.219.40.37,2086,false,SIN,Asia Pacific,Singapore,83 ms,12427 kB/s
8.217.159.210,2052,false,HKG,Asia Pacific,Hong Kong,54 ms,12316 kB/s
8.218.243.95,2052,false,HKG,Asia Pacific,Hong Kong,68 ms,12218 kB/s
47.76.77.103,8080,false,HKG,Asia Pacific,Hong Kong,73 ms,12104 kB/s
8.218.11.90,8880,false,HKG,Asia Pacific,Hong Kong,58 ms,11971 kB/s
47.76.77.103,2086,false,HKG,Asia Pacific,Hong Kong,66 ms,11949 kB/s
8.218.65.237,2052,false,HKG,Asia Pacific,Hong Kong,59 ms,11827 kB/s
47.238.35.50,2095,false,HKG,Asia Pacific,Hong Kong,61 ms,11673 kB/s
47.76.77.103,2095,false,HKG,Asia Pacific,Hong Kong,63 ms,11653 kB/s
47.76.227.128,2086,false,HKG,Asia Pacific,Hong Kong,60 ms,10974 kB/s
8.217.239.116,2052,false,HKG,Asia Pacific,Hong Kong,64 ms,10945 kB/s
8.218.18.132,2082,false,HKG,Asia Pacific,Hong Kong,64 ms,10697 kB/s
8.218.188.129,2052,false,HKG,Asia Pacific,Hong Kong,66 ms,10535 kB/s
8.217.145.40,2095,false,HKG,Asia Pacific,Hong Kong,57 ms,10400 kB/s
8.218.11.90,2052,false,HKG,Asia Pacific,Hong Kong,59 ms,10198 kB/s
47.242.59.216,2052,false,HKG,Asia Pacific,Hong Kong,62 ms,10179 kB/s
47.242.232.14,2052,false,HKG,Asia Pacific,Hong Kong,62 ms,9981 kB/s
8.218.181.189,2052,false,HKG,Asia Pacific,Hong Kong,60 ms,9776 kB/s
8.217.159.210,8080,false,HKG,Asia Pacific,Hong Kong,58 ms,9706 kB/s
8.218.181.189,8080,false,HKG,Asia Pacific,Hong Kong,66 ms,9562 kB/s
8.218.74.119,2052,false,HKG,Asia Pacific,Hong Kong,61 ms,9492 kB/s
8.218.18.132,2052,false,HKG,Asia Pacific,Hong Kong,58 ms,9479 kB/s
47.76.159.146,8880,false,HKG,Asia Pacific,Hong Kong,69 ms,9320 kB/s
8.218.65.171,2052,false,HKG,Asia Pacific,Hong Kong,67 ms,9273 kB/s
8.218.52.115,2052,false,HKG,Asia Pacific,Hong Kong,68 ms,9137 kB/s
8.218.188.129,8880,false,HKG,Asia Pacific,Hong Kong,61 ms,9089 kB/s
8.210.65.1,8080,false,HKG,Asia Pacific,Hong Kong,55 ms,8885 kB/s
8.217.154.218,2082,false,HKG,Asia Pacific,Hong Kong,62 ms,8870 kB/s
47.238.6.58,8080,false,HKG,Asia Pacific,Hong Kong,76 ms,8354 kB/s
8.218.3.198,2052,false,HKG,Asia Pacific,Hong Kong,58 ms,8018 kB/s
8.218.181.189,2082,false,HKG,Asia Pacific,Hong Kong,59 ms,8006 kB/s
47.76.159.146,2052,false,HKG,Asia Pacific,Hong Kong,61 ms,7957 kB/s
47.76.159.146,2086,false,HKG,Asia Pacific,Hong Kong,62 ms,7877 kB/s
8.218.174.118,2082,false,HKG,Asia Pacific,Hong Kong,61 ms,7852 kB/s
47.238.6.58,2052,false,HKG,Asia Pacific,Hong Kong,71 ms,7807 kB/s
8.210.65.1,8880,false,HKG,Asia Pacific,Hong Kong,64 ms,7657 kB/s
8.217.145.40,8880,false,HKG,Asia Pacific,Hong Kong,59 ms,7451 kB/s
8.219.113.232,2086,false,SIN,Asia Pacific,Singapore,269 ms,7449 kB/s
8.218.65.237,80,false,HKG,Asia Pacific,Hong Kong,67 ms,7435 kB/s
47.238.6.102,2086,false,HKG,Asia Pacific,Hong Kong,66 ms,7308 kB/s
47.238.6.58,2082,false,HKG,Asia Pacific,Hong Kong,67 ms,7301 kB/s
8.217.145.40,8080,false,HKG,Asia Pacific,Hong Kong,58 ms,7265 kB/s
8.217.239.116,2082,false,HKG,Asia Pacific,Hong Kong,63 ms,7236 kB/s
8.218.8.142,8880,false,HKG,Asia Pacific,Hong Kong,69 ms,7235 kB/s
47.242.174.27,2052,false,HKG,Asia Pacific,Hong Kong,58 ms,7207 kB/s
8.218.18.235,2082,false,HKG,Asia Pacific,Hong Kong,62 ms,7189 kB/s
8.219.40.37,2082,false,SIN,Asia Pacific,Singapore,91 ms,7155 kB/s
47.76.227.40,2082,false,HKG,Asia Pacific,Hong Kong,63 ms,7111 kB/s
47.237.95.140,2095,false,SIN,Asia Pacific,Singapore,273 ms,7030 kB/s
47.242.174.27,2082,false,HKG,Asia Pacific,Hong Kong,64 ms,7020 kB/s
8.219.93.5,8080,false,SIN,Asia Pacific,Singapore,281 ms,6885 kB/s
8.219.86.200,2082,false,SIN,Asia Pacific,Singapore,283 ms,6818 kB/s
47.238.40.58,2082,false,HKG,Asia Pacific,Hong Kong,64 ms,6754 kB/s
47.236.180.24,8080,false,SIN,Asia Pacific,Singapore,287 ms,6741 kB/s
8.218.188.129,2086,false,HKG,Asia Pacific,Hong Kong,65 ms,6693 kB/s
47.76.192.24,2052,false,HKG,Asia Pacific,Hong Kong,58 ms,6587 kB/s
8.219.126.240,8880,false,SIN,Asia Pacific,Singapore,280 ms,6518 kB/s
8.217.251.62,2052,false,HKG,Asia Pacific,Hong Kong,65 ms,6437 kB/s
8.219.67.133,2082,false,SIN,Asia Pacific,Singapore,272 ms,6364 kB/s
47.242.174.27,2086,false,HKG,Asia Pacific,Hong Kong,58 ms,6302 kB/s
8.222.191.138,2082,false,SIN,Asia Pacific,Singapore,277 ms,6297 kB/s
47.242.202.230,2082,false,HKG,Asia Pacific,Hong Kong,57 ms,6280 kB/s
8.219.67.133,8880,false,SIN,Asia Pacific,Singapore,283 ms,6266 kB/s
47.242.234.127,2052,false,HKG,Asia Pacific,Hong Kong,64 ms,6176 kB/s
8.219.200.145,2052,false,SIN,Asia Pacific,Singapore,282 ms,6152 kB/s
47.236.169.15,2082,false,SIN,Asia Pacific,Singapore,285 ms,6121 kB/s
8.219.126.240,2095,false,SIN,Asia Pacific,Singapore,267 ms,6101 kB/s
47.236.170.225,2086,false,SIN,Asia Pacific,Singapore,267 ms,6088 kB/s
8.217.149.28,2052,false,HKG,Asia Pacific,Hong Kong,64 ms,6058 kB/s
47.245.126.151,8880,false,SIN,Asia Pacific,Singapore,300 ms,6057 kB/s
8.218.11.90,2082,false,HKG,Asia Pacific,Hong Kong,66 ms,6025 kB/s
47.237.11.182,2052,false,SIN,Asia Pacific,Singapore,277 ms,6001 kB/s
8.219.117.198,2052,false,SIN,Asia Pacific,Singapore,277 ms,5982 kB/s
47.236.5.223,8880,false,SIN,Asia Pacific,Singapore,281 ms,5955 kB/s
8.218.181.189,80,false,HKG,Asia Pacific,Hong Kong,61 ms,5921 kB/s
8.217.251.62,2086,false,HKG,Asia Pacific,Hong Kong,67 ms,5914 kB/s
47.236.144.208,8880,false,SIN,Asia Pacific,Singapore,285 ms,5906 kB/s
8.219.147.58,2052,false,SIN,Asia Pacific,Singapore,283 ms,5893 kB/s
8.222.169.222,8080,false,SIN,Asia Pacific,Singapore,276 ms,5891 kB/s
8.222.191.138,2052,false,SIN,Asia Pacific,Singapore,283 ms,5880 kB/s
47.236.144.156,8080,false,SIN,Asia Pacific,Singapore,276 ms,5873 kB/s
8.219.86.200,2052,false,SIN,Asia Pacific,Singapore,270 ms,5863 kB/s
47.238.6.58,2086,false,HKG,Asia Pacific,Hong Kong,69 ms,5840 kB/s
8.222.160.176,2086,false,SIN,Asia Pacific,Singapore,285 ms,5836 kB/s
8.218.65.171,2082,false,HKG,Asia Pacific,Hong Kong,67 ms,5826 kB/s
8.219.200.145,8080,false,SIN,Asia Pacific,Singapore,276 ms,5817 kB/s
8.219.189.143,2052,false,SIN,Asia Pacific,Singapore,270 ms,5812 kB/s
47.76.146.1,2082,false,HKG,Asia Pacific,Hong Kong,67 ms,5788 kB/s
8.219.67.133,2052,false,SIN,Asia Pacific,Singapore,280 ms,5781 kB/s
8.222.160.176,8880,false,SIN,Asia Pacific,Singapore,282 ms,5764 kB/s
47.76.146.1,2095,false,HKG,Asia Pacific,Hong Kong,61 ms,5762 kB/s
47.236.237.90,8880,false,SIN,Asia Pacific,Singapore,287 ms,5756 kB/s
8.219.67.133,2095,false,SIN,Asia Pacific,Singapore,285 ms,5756 kB/s
8.218.181.189,2095,false,HKG,Asia Pacific,Hong Kong,57 ms,5752 kB/s
47.236.167.231,2082,false,SIN,Asia Pacific,Singapore,271 ms,5741 kB/s
8.219.86.200,8880,false,SIN,Asia Pacific,Singapore,277 ms,5725 kB/s
47.236.149.107,8080,false,SIN,Asia Pacific,Singapore,278 ms,5709 kB/s
47.236.130.95,80,false,SIN,Asia Pacific,Singapore,285 ms,5700 kB/s
8.219.86.200,2086,false,SIN,Asia Pacific,Singapore,270 ms,5678 kB/s
8.219.117.198,2082,false,SIN,Asia Pacific,Singapore,265 ms,5676 kB/s
8.219.147.58,8880,false,SIN,Asia Pacific,Singapore,277 ms,5654 kB/s
8.219.86.200,2095,false,SIN,Asia Pacific,Singapore,274 ms,5626 kB/s
47.242.174.27,2095,false,HKG,Asia Pacific,Hong Kong,56 ms,5600 kB/s
47.76.192.24,2082,false,HKG,Asia Pacific,Hong Kong,63 ms,5570 kB/s
47.237.81.112,8080,false,SIN,Asia Pacific,Singapore,271 ms,5568 kB/s
8.222.160.176,2082,false,SIN,Asia Pacific,Singapore,269 ms,5549 kB/s
47.236.170.54,2052,false,SIN,Asia Pacific,Singapore,282 ms,5536 kB/s
8.218.18.235,2086,false,HKG,Asia Pacific,Hong Kong,63 ms,5523 kB/s
47.236.149.107,8880,false,SIN,Asia Pacific,Singapore,282 ms,5504 kB/s
47.236.144.48,8880,false,SIN,Asia Pacific,Singapore,273 ms,5493 kB/s
8.222.169.222,2086,false,SIN,Asia Pacific,Singapore,280 ms,5487 kB/s
8.218.174.118,2052,false,HKG,Asia Pacific,Hong Kong,63 ms,5482 kB/s
8.219.117.198,2095,false,SIN,Asia Pacific,Singapore,273 ms,5472 kB/s
47.236.144.156,2095,false,SIN,Asia Pacific,Singapore,283 ms,5471 kB/s
8.219.124.227,2082,false,SIN,Asia Pacific,Singapore,268 ms,5470 kB/s
47.76.146.1,2052,false,HKG,Asia Pacific,Hong Kong,59 ms,5467 kB/s
47.236.149.107,2052,false,SIN,Asia Pacific,Singapore,269 ms,5462 kB/s
8.219.147.58,2095,false,SIN,Asia Pacific,Singapore,270 ms,5457 kB/s
47.237.86.185,8880,false,SIN,Asia Pacific,Singapore,284 ms,5450 kB/s
8.222.160.176,80,false,SIN,Asia Pacific,Singapore,289 ms,5435 kB/s
8.219.6.150,2052,false,SIN,Asia Pacific,Singapore,276 ms,5431 kB/s
8.219.124.227,2086,false,SIN,Asia Pacific,Singapore,282 ms,5428 kB/s
47.236.118.216,2052,false,SIN,Asia Pacific,Singapore,271 ms,5427 kB/s
47.237.95.146,8880,false,SIN,Asia Pacific,Singapore,278 ms,5420 kB/s
47.236.10.100,80,false,SIN,Asia Pacific,Singapore,266 ms,5402 kB/s
8.222.136.247,2082,false,SIN,Asia Pacific,Singapore,276 ms,5391 kB/s
8.219.83.71,2082,false,SIN,Asia Pacific,Singapore,270 ms,5391 kB/s
8.218.65.237,2082,false,HKG,Asia Pacific,Hong Kong,58 ms,5356 kB/s
47.236.169.141,8880,false,SIN,Asia Pacific,Singapore,284 ms,5337 kB/s
8.219.200.145,2086,false,SIN,Asia Pacific,Singapore,281 ms,5337 kB/s
47.236.117.48,2052,false,SIN,Asia Pacific,Singapore,272 ms,5330 kB/s
8.218.126.53,2082,false,HKG,Asia Pacific,Hong Kong,58 ms,5323 kB/s
47.236.130.95,2086,false,SIN,Asia Pacific,Singapore,280 ms,5321 kB/s
8.219.86.200,80,false,SIN,Asia Pacific,Singapore,272 ms,5309 kB/s
8.217.154.218,2086,false,HKG,Asia Pacific,Hong Kong,62 ms,5307 kB/s
8.222.169.222,2052,false,SIN,Asia Pacific,Singapore,288 ms,5297 kB/s
47.236.170.54,8880,false,SIN,Asia Pacific,Singapore,280 ms,5289 kB/s
47.237.14.220,2086,false,SIN,Asia Pacific,Singapore,264 ms,5280 kB/s
47.236.144.48,2082,false,SIN,Asia Pacific,Singapore,279 ms,5272 kB/s
8.218.74.119,2082,false,HKG,Asia Pacific,Hong Kong,68 ms,5272 kB/s
47.237.121.38,8880,false,SIN,Asia Pacific,Singapore,271 ms,5268 kB/s
47.236.170.54,2086,false,SIN,Asia Pacific,Singapore,284 ms,5242 kB/s
8.222.164.209,2052,false,SIN,Asia Pacific,Singapore,280 ms,5238 kB/s
8.222.164.209,8880,false,SIN,Asia Pacific,Singapore,272 ms,5228 kB/s
8.219.147.58,2086,false,SIN,Asia Pacific,Singapore,269 ms,5228 kB/s
8.218.74.119,2086,false,HKG,Asia Pacific,Hong Kong,61 ms,5208 kB/s
47.237.8.82,2082,false,SIN,Asia Pacific,Singapore,276 ms,5207 kB/s
8.222.160.176,8080,false,SIN,Asia Pacific,Singapore,281 ms,5206 kB/s
47.242.234.127,2086,false,HKG,Asia Pacific,Hong Kong,56 ms,5204 kB/s
47.237.94.140,80,false,SIN,Asia Pacific,Singapore,268 ms,5201 kB/s
47.237.11.182,80,false,SIN,Asia Pacific,Singapore,283 ms,5188 kB/s
8.219.40.37,8080,false,SIN,Asia Pacific,Singapore,95 ms,5182 kB/s
47.236.167.231,2095,false,SIN,Asia Pacific,Singapore,276 ms,5174 kB/s
47.237.121.38,2052,false,SIN,Asia Pacific,Singapore,276 ms,5167 kB/s
47.237.83.20,2082,false,SIN,Asia Pacific,Singapore,278 ms,5149 kB/s
47.237.95.140,8880,false,SIN,Asia Pacific,Singapore,286 ms,5148 kB/s
47.236.164.215,2095,false,SIN,Asia Pacific,Singapore,270 ms,5137 kB/s
8.222.164.209,8080,false,SIN,Asia Pacific,Singapore,265 ms,5134 kB/s
47.236.172.71,80,false,SIN,Asia Pacific,Singapore,282 ms,5132 kB/s
8.219.147.58,2082,false,SIN,Asia Pacific,Singapore,286 ms,5132 kB/s
47.236.118.216,8080,false,SIN,Asia Pacific,Singapore,263 ms,5131 kB/s
8.219.124.227,2052,false,SIN,Asia Pacific,Singapore,270 ms,5125 kB/s
47.236.202.91,8880,false,SIN,Asia Pacific,Singapore,286 ms,5109 kB/s
47.236.172.95,2086,false,SIN,Asia Pacific,Singapore,265 ms,5100 kB/s
47.236.167.231,8080,false,SIN,Asia Pacific,Singapore,273 ms,5092 kB/s
8.219.189.143,2082,false,SIN,Asia Pacific,Singapore,276 ms,5091 kB/s
8.222.191.138,2086,false,SIN,Asia Pacific,Singapore,277 ms,5087 kB/s
8.217.91.121,2082,false,HKG,Asia Pacific,Hong Kong,70 ms,5085 kB/s
47.236.170.225,8080,false,SIN,Asia Pacific,Singapore,272 ms,5083 kB/s
47.236.87.246,80,false,SIN,Asia Pacific,Singapore,288 ms,5074 kB/s
8.222.160.176,2052,false,SIN,Asia Pacific,Singapore,264 ms,5063 kB/s
47.236.104.11,2052,false,SIN,Asia Pacific,Singapore,278 ms,5063 kB/s
8.222.169.222,2095,false,SIN,Asia Pacific,Singapore,273 ms,5056 kB/s
47.237.95.140,2086,false,SIN,Asia Pacific,Singapore,286 ms,5050 kB/s
47.237.14.220,2095,false,SIN,Asia Pacific,Singapore,276 ms,5047 kB/s
47.236.5.223,8080,false,SIN,Asia Pacific,Singapore,280 ms,5044 kB/s
47.236.169.141,2082,false,SIN,Asia Pacific,Singapore,287 ms,5038 kB/s
47.242.202.230,8080,false,HKG,Asia Pacific,Hong Kong,68 ms,5032 kB/s
8.222.164.209,2086,false,SIN,Asia Pacific,Singapore,282 ms,5026 kB/s
47.238.6.102,80,false,HKG,Asia Pacific,Hong Kong,67 ms,5018 kB/s
8.222.169.222,8880,false,SIN,Asia Pacific,Singapore,285 ms,5011 kB/s
47.236.123.133,2082,false,SIN,Asia Pacific,Singapore,276 ms,5008 kB/s
47.76.37.57,2086,false,HKG,Asia Pacific,Hong Kong,62 ms,5007 kB/s
47.236.189.92,2082,false,SIN,Asia Pacific,Singapore,270 ms,4998 kB/s
47.236.172.95,80,false,SIN,Asia Pacific,Singapore,282 ms,4996 kB/s
8.219.147.58,8080,false,SIN,Asia Pacific,Singapore,269 ms,4985 kB/s
47.236.118.216,8880,false,SIN,Asia Pacific,Singapore,275 ms,4985 kB/s
8.218.18.235,80,false,HKG,Asia Pacific,Hong Kong,63 ms,4969 kB/s
47.237.95.13,2052,false,SIN,Asia Pacific,Singapore,271 ms,4969 kB/s
47.236.189.92,8080,false,SIN,Asia Pacific,Singapore,281 ms,4949 kB/s
47.237.14.220,8880,false,SIN,Asia Pacific,Singapore,285 ms,4945 kB/s
47.236.170.54,80,false,SIN,Asia Pacific,Singapore,272 ms,4942 kB/s
47.236.121.23,2082,false,SIN,Asia Pacific,Singapore,284 ms,4933 kB/s
8.217.145.40,2082,false,HKG,Asia Pacific,Hong Kong,62 ms,4932 kB/s
47.236.118.216,2086,false,SIN,Asia Pacific,Singapore,293 ms,4919 kB/s
8.219.201.245,2086,false,SIN,Asia Pacific,Singapore,284 ms,4919 kB/s
47.236.232.148,2095,false,SIN,Asia Pacific,Singapore,287 ms,4917 kB/s
8.222.164.209,2082,false,SIN,Asia Pacific,Singapore,276 ms,4917 kB/s
47.236.130.95,8880,false,SIN,Asia Pacific,Singapore,274 ms,4908 kB/s
8.219.200.145,80,false,SIN,Asia Pacific,Singapore,271 ms,4894 kB/s
47.236.172.95,2095,false,SIN,Asia Pacific,Singapore,277 ms,4869 kB/s
47.236.93.176,2052,false,SIN,Asia Pacific,Singapore,288 ms,4868 kB/s
47.236.166.131,8880,false,SIN,Asia Pacific,Singapore,280 ms,4837 kB/s
47.236.83.239,2052,false,SIN,Asia Pacific,Singapore,274 ms,4830 kB/s
47.237.81.112,8880,false,SIN,Asia Pacific,Singapore,273 ms,4824 kB/s
8.219.6.150,2082,false,SIN,Asia Pacific,Singapore,271 ms,4823 kB/s
47.236.169.141,80,false,SIN,Asia Pacific,Singapore,282 ms,4819 kB/s
47.236.165.25,80,false,SIN,Asia Pacific,Singapore,272 ms,4816 kB/s
47.236.149.107,2086,false,SIN,Asia Pacific,Singapore,284 ms,4813 kB/s
47.242.59.216,2082,false,HKG,Asia Pacific,Hong Kong,67 ms,4804 kB/s
47.236.169.141,2086,false,SIN,Asia Pacific,Singapore,283 ms,4802 kB/s
47.236.117.48,2082,false,SIN,Asia Pacific,Singapore,266 ms,4797 kB/s
47.236.172.95,2052,false,SIN,Asia Pacific,Singapore,272 ms,4786 kB/s
47.237.83.20,2086,false,SIN,Asia Pacific,Singapore,269 ms,4786 kB/s
47.236.97.90,2052,false,SIN,Asia Pacific,Singapore,270 ms,4766 kB/s
8.222.164.209,80,false,SIN,Asia Pacific,Singapore,281 ms,4766 kB/s
47.236.205.188,80,false,SIN,Asia Pacific,Singapore,272 ms,4762 kB/s
47.236.75.113,80,false,SIN,Asia Pacific,Singapore,275 ms,4759 kB/s
47.236.189.92,2052,false,SIN,Asia Pacific,Singapore,282 ms,4757 kB/s
47.238.6.102,8080,false,HKG,Asia Pacific,Hong Kong,58 ms,4753 kB/s
47.236.104.11,2086,false,SIN,Asia Pacific,Singapore,291 ms,4749 kB/s
47.236.168.17,80,false,SIN,Asia Pacific,Singapore,278 ms,4739 kB/s
47.236.174.206,2086,false,SIN,Asia Pacific,Singapore,285 ms,4720 kB/s
47.237.14.220,8080,false,SIN,Asia Pacific,Singapore,292 ms,4717 kB/s
8.219.83.71,2052,false,SIN,Asia Pacific,Singapore,282 ms,4714 kB/s
47.236.169.141,2052,false,SIN,Asia Pacific,Singapore,277 ms,4709 kB/s
8.218.174.118,2095,false,HKG,Asia Pacific,Hong Kong,66 ms,4707 kB/s
47.236.169.141,8080,false,SIN,Asia Pacific,Singapore,271 ms,4707 kB/s
8.222.136.247,2095,false,SIN,Asia Pacific,Singapore,286 ms,4688 kB/s
47.237.92.26,2095,false,SIN,Asia Pacific,Singapore,279 ms,4687 kB/s
47.236.165.25,2095,false,SIN,Asia Pacific,Singapore,277 ms,4684 kB/s
47.236.164.215,8880,false,SIN,Asia Pacific,Singapore,275 ms,4677 kB/s
47.236.9.152,8880,false,SIN,Asia Pacific,Singapore,271 ms,4675 kB/s
47.236.144.196,2095,false,SIN,Asia Pacific,Singapore,280 ms,4674 kB/s
8.219.93.5,2052,false,SIN,Asia Pacific,Singapore,272 ms,4670 kB/s
47.236.145.85,8080,false,SIN,Asia Pacific,Singapore,272 ms,4668 kB/s
47.236.75.113,2082,false,SIN,Asia Pacific,Singapore,272 ms,4666 kB/s
47.236.144.208,2082,false,SIN,Asia Pacific,Singapore,280 ms,4660 kB/s
47.236.170.225,8880,false,SIN,Asia Pacific,Singapore,270 ms,4659 kB/s
47.237.92.26,2086,false,SIN,Asia Pacific,Singapore,279 ms,4657 kB/s
8.219.86.200,8080,false,SIN,Asia Pacific,Singapore,275 ms,4646 kB/s
47.238.6.102,2082,false,HKG,Asia Pacific,Hong Kong,65 ms,4638 kB/s
47.236.205.188,2086,false,SIN,Asia Pacific,Singapore,279 ms,4636 kB/s
8.219.201.245,2052,false,SIN,Asia Pacific,Singapore,273 ms,4636 kB/s
8.218.18.132,2095,false,HKG,Asia Pacific,Hong Kong,64 ms,4621 kB/s
8.219.126.240,2052,false,SIN,Asia Pacific,Singapore,284 ms,4619 kB/s
47.236.166.131,2095,false,SIN,Asia Pacific,Singapore,272 ms,4614 kB/s
47.237.14.220,2052,false,SIN,Asia Pacific,Singapore,274 ms,4601 kB/s
47.236.172.71,8080,false,SIN,Asia Pacific,Singapore,285 ms,4587 kB/s
47.237.95.13,2086,false,SIN,Asia Pacific,Singapore,288 ms,4587 kB/s
47.238.6.102,8880,false,HKG,Asia Pacific,Hong Kong,66 ms,4586 kB/s
47.236.171.205,2086,false,SIN,Asia Pacific,Singapore,267 ms,4582 kB/s
47.237.100.206,8880,false,SIN,Asia Pacific,Singapore,275 ms,4580 kB/s
47.237.81.112,2082,false,SIN,Asia Pacific,Singapore,282 ms,4575 kB/s
47.236.169.15,2052,false,SIN,Asia Pacific,Singapore,265 ms,4575 kB/s
47.236.166.131,2082,false,SIN,Asia Pacific,Singapore,283 ms,4574 kB/s
47.237.92.26,2082,false,SIN,Asia Pacific,Singapore,272 ms,4574 kB/s
47.236.145.85,80,false,SIN,Asia Pacific,Singapore,270 ms,4567 kB/s
47.236.9.152,2082,false,SIN,Asia Pacific,Singapore,272 ms,4556 kB/s
47.236.17.193,8080,false,SIN,Asia Pacific,Singapore,286 ms,4549 kB/s
8.219.93.5,2082,false,SIN,Asia Pacific,Singapore,275 ms,4548 kB/s
8.218.174.118,2086,false,HKG,Asia Pacific,Hong Kong,63 ms,4541 kB/s
8.219.126.240,8080,false,SIN,Asia Pacific,Singapore,275 ms,4541 kB/s
47.236.150.13,80,false,SIN,Asia Pacific,Singapore,288 ms,4540 kB/s
8.218.74.119,8080,false,HKG,Asia Pacific,Hong Kong,72 ms,4539 kB/s
47.236.254.120,2095,false,SIN,Asia Pacific,Singapore,265 ms,4538 kB/s
47.236.170.54,8080,false,SIN,Asia Pacific,Singapore,289 ms,4537 kB/s
8.219.200.145,2095,false,SIN,Asia Pacific,Singapore,267 ms,4528 kB/s
47.236.144.208,2086,false,SIN,Asia Pacific,Singapore,275 ms,4527 kB/s
47.236.123.133,8880,false,SIN,Asia Pacific,Singapore,275 ms,4515 kB/s
47.238.40.58,8080,false,HKG,Asia Pacific,Hong Kong,61 ms,4510 kB/s
47.236.97.90,2095,false,SIN,Asia Pacific,Singapore,277 ms,4508 kB/s
47.236.254.120,2086,false,SIN,Asia Pacific,Singapore,279 ms,4503 kB/s
47.236.5.223,2086,false,SIN,Asia Pacific,Singapore,272 ms,4502 kB/s
47.236.17.193,2086,false,SIN,Asia Pacific,Singapore,268 ms,4500 kB/s
47.237.86.185,2082,false,SIN,Asia Pacific,Singapore,281 ms,4498 kB/s
47.236.104.11,8880,false,SIN,Asia Pacific,Singapore,276 ms,4495 kB/s
8.210.164.75,2052,false,HKG,Asia Pacific,Hong Kong,63 ms,4494 kB/s
8.222.136.247,80,false,SIN,Asia Pacific,Singapore,276 ms,4492 kB/s
47.236.121.23,2086,false,SIN,Asia Pacific,Singapore,277 ms,4489 kB/s
47.236.10.100,8080,false,SIN,Asia Pacific,Singapore,292 ms,4489 kB/s
47.236.75.113,2095,false,SIN,Asia Pacific,Singapore,284 ms,4488 kB/s
47.237.0.31,8080,false,SIN,Asia Pacific,Singapore,275 ms,4487 kB/s
47.236.169.141,2095,false,SIN,Asia Pacific,Singapore,267 ms,4485 kB/s
47.236.169.15,2086,false,SIN,Asia Pacific,Singapore,273 ms,4478 kB/s
47.236.180.24,80,false,SIN,Asia Pacific,Singapore,285 ms,4477 kB/s
8.218.3.198,2086,false,HKG,Asia Pacific,Hong Kong,65 ms,4476 kB/s
8.217.251.62,80,false,HKG,Asia Pacific,Hong Kong,64 ms,4476 kB/s
47.237.86.185,8080,false,SIN,Asia Pacific,Singapore,268 ms,4473 kB/s
47.236.83.239,80,false,SIN,Asia Pacific,Singapore,281 ms,4469 kB/s
8.219.117.198,8080,false,SIN,Asia Pacific,Singapore,269 ms,4467 kB/s
47.237.82.15,80,false,SIN,Asia Pacific,Singapore,273 ms,4454 kB/s
47.236.97.90,8880,false,SIN,Asia Pacific,Singapore,281 ms,4437 kB/s
47.236.93.176,80,false,SIN,Asia Pacific,Singapore,280 ms,4420 kB/s
8.222.169.222,80,false,SIN,Asia Pacific,Singapore,275 ms,4417 kB/s
47.236.83.239,2086,false,SIN,Asia Pacific,Singapore,272 ms,4416 kB/s
47.236.180.24,2082,false,SIN,Asia Pacific,Singapore,268 ms,4413 kB/s
8.222.164.209,2095,false,SIN,Asia Pacific,Singapore,288 ms,4410 kB/s
47.237.81.112,2086,false,SIN,Asia Pacific,Singapore,279 ms,4407 kB/s
47.242.232.14,8080,false,HKG,Asia Pacific,Hong Kong,71 ms,4399 kB/s
47.236.80.110,8880,false,SIN,Asia Pacific,Singapore,284 ms,4395 kB/s
47.237.95.146,2052,false,SIN,Asia Pacific,Singapore,273 ms,4394 kB/s
47.236.169.164,8880,false,SIN,Asia Pacific,Singapore,290 ms,4381 kB/s
47.236.144.196,2052,false,SIN,Asia Pacific,Singapore,282 ms,4378 kB/s
47.237.8.82,80,false,SIN,Asia Pacific,Singapore,281 ms,4377 kB/s
47.236.145.85,2086,false,SIN,Asia Pacific,Singapore,271 ms,4377 kB/s
8.222.191.138,2095,false,SIN,Asia Pacific,Singapore,274 ms,4371 kB/s
47.237.94.140,2086,false,SIN,Asia Pacific,Singapore,282 ms,4370 kB/s
47.236.171.205,2052,false,SIN,Asia Pacific,Singapore,280 ms,4366 kB/s
8.219.189.143,2095,false,SIN,Asia Pacific,Singapore,281 ms,4363 kB/s
8.218.122.55,2082,false,HKG,Asia Pacific,Hong Kong,66 ms,4361 kB/s
47.236.169.15,80,false,SIN,Asia Pacific,Singapore,291 ms,4360 kB/s
47.236.253.41,80,false,SIN,Asia Pacific,Singapore,280 ms,4359 kB/s
47.236.17.193,8880,false,SIN,Asia Pacific,Singapore,269 ms,4358 kB/s
47.236.75.113,8880,false,SIN,Asia Pacific,Singapore,268 ms,4349 kB/s
47.237.0.31,8880,false,SIN,Asia Pacific,Singapore,281 ms,4346 kB/s
47.236.144.196,8080,false,SIN,Asia Pacific,Singapore,272 ms,4345 kB/s
47.237.8.82,2086,false,SIN,Asia Pacific,Singapore,269 ms,4341 kB/s
47.236.180.24,8880,false,SIN,Asia Pacific,Singapore,267 ms,4339 kB/s
47.236.123.133,2052,false,SIN,Asia Pacific,Singapore,282 ms,4336 kB/s
47.237.86.185,2095,false,SIN,Asia Pacific,Singapore,281 ms,4324 kB/s
47.236.205.188,2082,false,SIN,Asia Pacific,Singapore,282 ms,4318 kB/s
47.236.144.196,2086,false,SIN,Asia Pacific,Singapore,268 ms,4317 kB/s
8.219.124.227,8880,false,SIN,Asia Pacific,Singapore,265 ms,4306 kB/s
8.217.159.210,2086,false,HKG,Asia Pacific,Hong Kong,64 ms,4304 kB/s
47.236.164.215,80,false,SIN,Asia Pacific,Singapore,290 ms,4296 kB/s
47.236.102.102,80,false,SIN,Asia Pacific,Singapore,292 ms,4293 kB/s
47.237.10.1,8880,false,SIN,Asia Pacific,Singapore,283 ms,4291 kB/s
47.236.172.71,2052,false,SIN,Asia Pacific,Singapore,266 ms,4289 kB/s
8.217.159.210,80,false,HKG,Asia Pacific,Hong Kong,62 ms,4279 kB/s
8.222.169.222,2082,false,SIN,Asia Pacific,Singapore,276 ms,4274 kB/s
47.236.5.223,2052,false,SIN,Asia Pacific,Singapore,275 ms,4265 kB/s
47.76.204.76,2052,false,HKG,Asia Pacific,Hong Kong,64 ms,4254 kB/s
47.76.192.24,80,false,HKG,Asia Pacific,Hong Kong,56 ms,4254 kB/s
8.218.181.189,2086,false,HKG,Asia Pacific,Hong Kong,59 ms,4252 kB/s
47.236.164.215,2086,false,SIN,Asia Pacific,Singapore,281 ms,4252 kB/s
47.236.169.164,2086,false,SIN,Asia Pacific,Singapore,272 ms,4243 kB/s
8.219.200.145,8880,false,SIN,Asia Pacific,Singapore,282 ms,4242 kB/s
47.236.169.164,2052,false,SIN,Asia Pacific,Singapore,290 ms,4239 kB/s
8.222.136.247,8080,false,SIN,Asia Pacific,Singapore,271 ms,4227 kB/s
47.236.167.231,2052,false,SIN,Asia Pacific,Singapore,280 ms,4224 kB/s
8.217.149.28,2082,false,HKG,Asia Pacific,Hong Kong,61 ms,4223 kB/s
47.236.169.164,2082,false,SIN,Asia Pacific,Singapore,286 ms,4223 kB/s
47.237.94.140,2052,false,SIN,Asia Pacific,Singapore,288 ms,4220 kB/s
47.236.165.25,8880,false,SIN,Asia Pacific,Singapore,284 ms,4213 kB/s
47.237.82.15,2086,false,SIN,Asia Pacific,Singapore,265 ms,4212 kB/s
47.236.9.152,2052,false,SIN,Asia Pacific,Singapore,278 ms,4211 kB/s
47.237.86.185,2086,false,SIN,Asia Pacific,Singapore,268 ms,4211 kB/s
47.76.159.146,2082,false,HKG,Asia Pacific,Hong Kong,65 ms,4210 kB/s
47.236.121.23,2052,false,SIN,Asia Pacific,Singapore,285 ms,4209 kB/s
47.236.205.188,2052,false,SIN,Asia Pacific,Singapore,282 ms,4203 kB/s
47.236.169.15,8080,false,SIN,Asia Pacific,Singapore,286 ms,4201 kB/s
47.236.144.156,2082,false,SIN,Asia Pacific,Singapore,280 ms,4197 kB/s
47.236.165.25,2082,false,SIN,Asia Pacific,Singapore,279 ms,4196 kB/s
47.236.167.231,80,false,SIN,Asia Pacific,Singapore,283 ms,4196 kB/s
47.236.10.100,2086,false,SIN,Asia Pacific,Singapore,276 ms,4191 kB/s
47.236.189.92,2095,false,SIN,Asia Pacific,Singapore,278 ms,4187 kB/s
47.237.0.31,2086,false,SIN,Asia Pacific,Singapore,273 ms,4180 kB/s
47.236.144.156,80,false,SIN,Asia Pacific,Singapore,282 ms,4180 kB/s
47.236.202.91,2095,false,SIN,Asia Pacific,Singapore,289 ms,4179 kB/s
47.236.170.225,2082,false,SIN,Asia Pacific,Singapore,278 ms,4175 kB/s
47.236.171.205,80,false,SIN,Asia Pacific,Singapore,273 ms,4171 kB/s
47.237.11.182,2095,false,SIN,Asia Pacific,Singapore,263 ms,4168 kB/s
8.219.93.5,2086,false,SIN,Asia Pacific,Singapore,276 ms,4166 kB/s
47.236.75.113,2086,false,SIN,Asia Pacific,Singapore,286 ms,4165 kB/s
47.236.117.48,8880,false,SIN,Asia Pacific,Singapore,276 ms,4163 kB/s
47.237.82.15,2052,false,SIN,Asia Pacific,Singapore,283 ms,4163 kB/s
8.219.83.71,8080,false,SIN,Asia Pacific,Singapore,268 ms,4161 kB/s
47.236.166.131,2086,false,SIN,Asia Pacific,Singapore,282 ms,4158 kB/s
47.236.17.193,2082,false,SIN,Asia Pacific,Singapore,279 ms,4150 kB/s
8.219.117.198,2086,false,SIN,Asia Pacific,Singapore,279 ms,4133 kB/s
8.219.189.143,2086,false,SIN,Asia Pacific,Singapore,273 ms,4133 kB/s
47.236.75.152,2095,false,SIN,Asia Pacific,Singapore,284 ms,4129 kB/s
47.236.174.206,2082,false,SIN,Asia Pacific,Singapore,268 ms,4128 kB/s
47.238.40.58,2086,false,HKG,Asia Pacific,Hong Kong,65 ms,4127 kB/s
8.218.18.235,8880,false,HKG,Asia Pacific,Hong Kong,64 ms,4127 kB/s
47.236.180.51,2095,false,SIN,Asia Pacific,Singapore,280 ms,4123 kB/s
47.236.172.95,8880,false,SIN,Asia Pacific,Singapore,272 ms,4122 kB/s
8.219.83.71,2095,false,SIN,Asia Pacific,Singapore,285 ms,4119 kB/s
47.236.123.133,80,false,SIN,Asia Pacific,Singapore,289 ms,4117 kB/s
47.236.189.92,8880,false,SIN,Asia Pacific,Singapore,273 ms,4112 kB/s
47.236.9.152,8080,false,SIN,Asia Pacific,Singapore,291 ms,4107 kB/s
47.237.121.38,8080,false,SIN,Asia Pacific,Singapore,286 ms,4106 kB/s
8.219.124.227,8080,false,SIN,Asia Pacific,Singapore,268 ms,4104 kB/s
47.236.144.156,8880,false,SIN,Asia Pacific,Singapore,287 ms,4093 kB/s
47.236.168.17,2095,false,SIN,Asia Pacific,Singapore,296 ms,4093 kB/s
8.222.191.138,80,false,SIN,Asia Pacific,Singapore,276 ms,4091 kB/s
47.236.121.23,2095,false,SIN,Asia Pacific,Singapore,299 ms,4088 kB/s
47.237.125.8,2095,false,SIN,Asia Pacific,Singapore,285 ms,4080 kB/s
47.236.169.164,8080,false,SIN,Asia Pacific,Singapore,274 ms,4079 kB/s
47.236.166.131,2052,false,SIN,Asia Pacific,Singapore,275 ms,4068 kB/s
47.236.166.131,80,false,SIN,Asia Pacific,Singapore,276 ms,4068 kB/s
47.236.102.102,2086,false,SIN,Asia Pacific,Singapore,289 ms,4063 kB/s
8.219.67.133,8080,false,SIN,Asia Pacific,Singapore,271 ms,4062 kB/s
47.236.123.133,2095,false,SIN,Asia Pacific,Singapore,288 ms,4061 kB/s
47.237.125.8,80,false,SIN,Asia Pacific,Singapore,293 ms,4059 kB/s
47.236.87.246,8880,false,SIN,Asia Pacific,Singapore,276 ms,4057 kB/s
47.236.164.215,8080,false,SIN,Asia Pacific,Singapore,282 ms,4054 kB/s
47.236.170.54,2095,false,SIN,Asia Pacific,Singapore,280 ms,4051 kB/s
47.237.8.82,2052,false,SIN,Asia Pacific,Singapore,274 ms,4044 kB/s
47.236.172.71,8880,false,SIN,Asia Pacific,Singapore,278 ms,4043 kB/s
47.236.254.120,8080,false,SIN,Asia Pacific,Singapore,275 ms,4039 kB/s
8.217.239.116,80,false,HKG,Asia Pacific,Hong Kong,63 ms,4029 kB/s
47.236.17.193,2052,false,SIN,Asia Pacific,Singapore,272 ms,4029 kB/s
8.219.67.133,2086,false,SIN,Asia Pacific,Singapore,279 ms,4026 kB/s
47.236.144.196,80,false,SIN,Asia Pacific,Singapore,276 ms,4025 kB/s
47.236.168.17,8880,false,SIN,Asia Pacific,Singapore,277 ms,4025 kB/s
8.218.122.55,2086,false,HKG,Asia Pacific,Hong Kong,68 ms,4023 kB/s
47.236.170.54,2082,false,SIN,Asia Pacific,Singapore,287 ms,4017 kB/s
47.236.97.90,2082,false,SIN,Asia Pacific,Singapore,284 ms,4017 kB/s
8.219.83.71,2086,false,SIN,Asia Pacific,Singapore,274 ms,4016 kB/s
47.243.173.187,2082,false,HKG,Asia Pacific,Hong Kong,59 ms,4011 kB/s
47.237.95.146,2086,false,SIN,Asia Pacific,Singapore,283 ms,4009 kB/s
47.236.17.193,80,false,SIN,Asia Pacific,Singapore,270 ms,4005 kB/s
47.237.8.82,8880,false,SIN,Asia Pacific,Singapore,286 ms,4004 kB/s
47.236.144.156,2052,false,SIN,Asia Pacific,Singapore,286 ms,3996 kB/s
47.236.83.239,2082,false,SIN,Asia Pacific,Singapore,287 ms,3994 kB/s
47.237.10.1,2052,false,SIN,Asia Pacific,Singapore,271 ms,3994 kB/s
8.218.126.53,2086,false,HKG,Asia Pacific,Hong Kong,57 ms,3993 kB/s
47.236.83.239,8880,false,SIN,Asia Pacific,Singapore,274 ms,3992 kB/s
47.236.171.205,8080,false,SIN,Asia Pacific,Singapore,262 ms,3984 kB/s
47.236.144.156,2086,false,SIN,Asia Pacific,Singapore,273 ms,3980 kB/s
47.245.126.151,2052,false,SIN,Asia Pacific,Singapore,296 ms,3980 kB/s
8.219.124.227,80,false,SIN,Asia Pacific,Singapore,278 ms,3969 kB/s
47.236.165.25,8080,false,SIN,Asia Pacific,Singapore,274 ms,3968 kB/s
47.237.10.1,2095,false,SIN,Asia Pacific,Singapore,285 ms,3967 kB/s
47.236.174.206,2095,false,SIN,Asia Pacific,Singapore,283 ms,3963 kB/s
47.236.118.216,2082,false,SIN,Asia Pacific,Singapore,270 ms,3962 kB/s
47.236.144.48,2095,false,SIN,Asia Pacific,Singapore,274 ms,3962 kB/s
47.237.84.173,80,false,SIN,Asia Pacific,Singapore,272 ms,3959 kB/s
47.237.83.20,80,false,SIN,Asia Pacific,Singapore,266 ms,3957 kB/s
8.219.201.245,80,false,SIN,Asia Pacific,Singapore,282 ms,3951 kB/s
47.237.100.206,2086,false,SIN,Asia Pacific,Singapore,286 ms,3947 kB/s
47.236.168.17,2086,false,SIN,Asia Pacific,Singapore,298 ms,3945 kB/s
47.236.253.41,8880,false,SIN,Asia Pacific,Singapore,272 ms,3945 kB/s
47.236.125.62,80,false,NRT,Asia Pacific,Tokyo,343 ms,3944 kB/s
8.219.40.37,2095,false,SIN,Asia Pacific,Singapore,87 ms,3940 kB/s
47.237.100.206,8080,false,SIN,Asia Pacific,Singapore,266 ms,3936 kB/s
47.236.102.102,8080,false,SIN,Asia Pacific,Singapore,291 ms,3931 kB/s
47.236.149.107,2095,false,SIN,Asia Pacific,Singapore,282 ms,3927 kB/s
47.236.237.90,2052,false,SIN,Asia Pacific,Singapore,280 ms,3925 kB/s
47.236.80.110,2052,false,SIN,Asia Pacific,Singapore,280 ms,3923 kB/s
47.236.87.246,2082,false,SIN,Asia Pacific,Singapore,272 ms,3918 kB/s
47.237.82.15,8880,false,SIN,Asia Pacific,Singapore,282 ms,3914 kB/s
47.236.164.215,2082,false,SIN,Asia Pacific,Singapore,267 ms,3911 kB/s
47.236.10.100,2052,false,SIN,Asia Pacific,Singapore,275 ms,3908 kB/s
47.237.125.8,8080,false,SIN,Asia Pacific,Singapore,277 ms,3907 kB/s
47.236.166.131,8080,false,SIN,Asia Pacific,Singapore,272 ms,3906 kB/s
47.236.102.102,2095,false,SIN,Asia Pacific,Singapore,288 ms,3903 kB/s
8.219.6.150,8880,false,SIN,Asia Pacific,Singapore,272 ms,3898 kB/s
47.236.169.15,2095,false,SIN,Asia Pacific,Singapore,276 ms,3896 kB/s
47.236.123.133,8080,false,SIN,Asia Pacific,Singapore,286 ms,3895 kB/s
47.236.254.120,80,false,SIN,Asia Pacific,Singapore,280 ms,3882 kB/s
47.237.10.1,8080,false,SIN,Asia Pacific,Singapore,278 ms,3878 kB/s
8.219.147.58,80,false,SIN,Asia Pacific,Singapore,271 ms,3877 kB/s
8.219.93.5,80,false,SIN,Asia Pacific,Singapore,274 ms,3876 kB/s
47.243.183.127,2082,false,HKG,Asia Pacific,Hong Kong,59 ms,3873 kB/s
47.237.82.15,8080,false,SIN,Asia Pacific,Singapore,267 ms,3871 kB/s
47.236.171.205,8880,false,SIN,Asia Pacific,Singapore,280 ms,3871 kB/s
47.237.0.31,2052,false,SIN,Asia Pacific,Singapore,281 ms,3867 kB/s
47.236.144.48,2086,false,SIN,Asia Pacific,Singapore,272 ms,3865 kB/s
47.236.205.188,8080,false,SIN,Asia Pacific,Singapore,281 ms,3861 kB/s
47.76.159.146,2095,false,HKG,Asia Pacific,Hong Kong,61 ms,3850 kB/s
47.236.205.188,8880,false,SIN,Asia Pacific,Singapore,268 ms,3850 kB/s
8.218.65.171,2086,false,HKG,Asia Pacific,Hong Kong,67 ms,3842 kB/s
47.237.84.173,8080,false,SIN,Asia Pacific,Singapore,269 ms,3841 kB/s
47.236.172.71,2095,false,SIN,Asia Pacific,Singapore,275 ms,3839 kB/s
47.236.232.148,2082,false,SIN,Asia Pacific,Singapore,272 ms,3839 kB/s
47.237.10.1,80,false,SIN,Asia Pacific,Singapore,269 ms,3838 kB/s
47.236.167.231,2086,false,SIN,Asia Pacific,Singapore,278 ms,3835 kB/s
47.237.10.1,2082,false,SIN,Asia Pacific,Singapore,276 ms,3834 kB/s
47.236.168.17,8080,false,SIN,Asia Pacific,Singapore,277 ms,3830 kB/s
47.236.5.223,2082,false,SIN,Asia Pacific,Singapore,268 ms,3827 kB/s
47.237.86.185,80,false,SIN,Asia Pacific,Singapore,288 ms,3825 kB/s
8.222.136.247,8880,false,SIN,Asia Pacific,Singapore,278 ms,3824 kB/s
47.236.254.120,2052,false,SIN,Asia Pacific,Singapore,280 ms,3823 kB/s
47.236.102.102,2052,false,SIN,Asia Pacific,Singapore,276 ms,3812 kB/s
47.236.121.23,8080,false,SIN,Asia Pacific,Singapore,299 ms,3808 kB/s
47.237.95.13,80,false,SIN,Asia Pacific,Singapore,282 ms,3804 kB/s
47.237.95.13,2095,false,SIN,Asia Pacific,Singapore,277 ms,3804 kB/s
47.237.95.146,8080,false,SIN,Asia Pacific,Singapore,276 ms,3798 kB/s
8.222.136.247,2086,false,SIN,Asia Pacific,Singapore,282 ms,3796 kB/s
47.236.144.196,2082,false,SIN,Asia Pacific,Singapore,285 ms,3795 kB/s
47.242.232.14,2086,false,HKG,Asia Pacific,Hong Kong,61 ms,3790 kB/s
47.237.82.15,2095,false,SIN,Asia Pacific,Singapore,282 ms,3790 kB/s
47.237.84.173,2082,false,SIN,Asia Pacific,Singapore,277 ms,3788 kB/s
47.236.167.231,8880,false,SIN,Asia Pacific,Singapore,280 ms,3787 kB/s
47.236.125.62,2086,false,NRT,Asia Pacific,Tokyo,357 ms,3783 kB/s
8.219.201.245,8080,false,SIN,Asia Pacific,Singapore,276 ms,3779 kB/s
47.236.130.95,8080,false,SIN,Asia Pacific,Singapore,276 ms,3779 kB/s
47.236.75.152,2086,false,SIN,Asia Pacific,Singapore,281 ms,3777 kB/s
8.218.65.237,2095,false,HKG,Asia Pacific,Hong Kong,66 ms,3776 kB/s
47.236.97.90,8080,false,SIN,Asia Pacific,Singapore,269 ms,3775 kB/s
47.236.232.148,8080,false,SIN,Asia Pacific,Singapore,282 ms,3774 kB/s
47.236.254.120,8880,false,SIN,Asia Pacific,Singapore,282 ms,3769 kB/s
47.236.144.48,80,false,SIN,Asia Pacific,Singapore,272 ms,3767 kB/s
47.237.94.140,2095,false,SIN,Asia Pacific,Singapore,286 ms,3766 kB/s
47.237.121.38,2095,false,SIN,Asia Pacific,Singapore,274 ms,3766 kB/s
47.236.171.205,2095,false,SIN,Asia Pacific,Singapore,268 ms,3759 kB/s
8.217.66.3,80,false,HKG,Asia Pacific,Hong Kong,63 ms,3758 kB/s
47.237.8.82,2095,false,SIN,Asia Pacific,Singapore,272 ms,3753 kB/s
47.236.97.90,80,false,SIN,Asia Pacific,Singapore,274 ms,3752 kB/s
47.236.171.205,2082,false,SIN,Asia Pacific,Singapore,281 ms,3748 kB/s
8.217.91.121,8080,false,HKG,Asia Pacific,Hong Kong,63 ms,3746 kB/s
47.236.144.48,2052,false,SIN,Asia Pacific,Singapore,276 ms,3745 kB/s
8.219.200.145,2082,false,SIN,Asia Pacific,Singapore,277 ms,3744 kB/s
47.236.174.206,8880,false,SIN,Asia Pacific,Singapore,271 ms,3744 kB/s
47.237.82.15,2082,false,SIN,Asia Pacific,Singapore,276 ms,3742 kB/s
8.219.40.37,80,false,SIN,Asia Pacific,Singapore,89 ms,3739 kB/s
47.237.0.31,80,false,SIN,Asia Pacific,Singapore,275 ms,3738 kB/s
47.236.169.15,8880,false,SIN,Asia Pacific,Singapore,269 ms,3736 kB/s
47.236.75.152,80,false,SIN,Asia Pacific,Singapore,285 ms,3733 kB/s
47.237.121.38,80,false,SIN,Asia Pacific,Singapore,276 ms,3732 kB/s
8.219.6.150,2095,false,SIN,Asia Pacific,Singapore,280 ms,3723 kB/s
47.237.125.8,8880,false,SIN,Asia Pacific,Singapore,295 ms,3721 kB/s
47.236.150.13,2086,false,SIN,Asia Pacific,Singapore,269 ms,3717 kB/s
8.218.126.53,2095,false,HKG,Asia Pacific,Hong Kong,64 ms,3711 kB/s
47.236.205.188,2095,false,SIN,Asia Pacific,Singapore,280 ms,3709 kB/s
47.236.174.206,80,false,SIN,Asia Pacific,Singapore,282 ms,3707 kB/s
47.237.92.26,8880,false,SIN,Asia Pacific,Singapore,271 ms,3705 kB/s
47.236.93.176,8880,false,SIN,Asia Pacific,Singapore,277 ms,3698 kB/s
47.236.123.133,2086,false,SIN,Asia Pacific,Singapore,282 ms,3697 kB/s
47.236.75.113,2052,false,SIN,Asia Pacific,Singapore,286 ms,3689 kB/s
47.237.84.173,2052,false,SIN,Asia Pacific,Singapore,265 ms,3687 kB/s
8.219.40.37,2052,false,SIN,Asia Pacific,Singapore,99 ms,3677 kB/s
47.237.100.206,80,false,SIN,Asia Pacific,Singapore,275 ms,3676 kB/s
47.236.180.51,8080,false,SIN,Asia Pacific,Singapore,282 ms,3676 kB/s
47.243.183.127,8880,false,HKG,Asia Pacific,Hong Kong,68 ms,3676 kB/s
47.236.97.90,2086,false,SIN,Asia Pacific,Singapore,276 ms,3676 kB/s
47.236.150.13,2052,false,SIN,Asia Pacific,Singapore,275 ms,3669 kB/s
47.237.81.112,80,false,SIN,Asia Pacific,Singapore,272 ms,3661 kB/s
47.236.117.48,80,false,SIN,Asia Pacific,Singapore,282 ms,3658 kB/s
47.236.172.71,2086,false,SIN,Asia Pacific,Singapore,290 ms,3649 kB/s
47.236.130.95,2052,false,SIN,Asia Pacific,Singapore,282 ms,3649 kB/s
8.218.122.55,8080,false,HKG,Asia Pacific,Hong Kong,65 ms,3647 kB/s
47.236.168.17,2082,false,SIN,Asia Pacific,Singapore,285 ms,3647 kB/s
47.236.9.152,2086,false,SIN,Asia Pacific,Singapore,276 ms,3642 kB/s
47.237.14.220,2082,false,SIN,Asia Pacific,Singapore,271 ms,3639 kB/s
47.236.144.48,8080,false,SIN,Asia Pacific,Singapore,279 ms,3636 kB/s
8.219.6.150,2086,false,SIN,Asia Pacific,Singapore,282 ms,3628 kB/s
47.236.125.62,8880,false,NRT,Asia Pacific,Tokyo,347 ms,3627 kB/s
47.236.150.13,2095,false,SIN,Asia Pacific,Singapore,274 ms,3624 kB/s
47.237.14.220,80,false,SIN,Asia Pacific,Singapore,268 ms,3620 kB/s
47.236.102.102,8880,false,SIN,Asia Pacific,Singapore,279 ms,3616 kB/s
47.245.126.151,2086,false,SIN,Asia Pacific,Singapore,295 ms,3615 kB/s
47.236.93.176,2082,false,SIN,Asia Pacific,Singapore,269 ms,3613 kB/s
8.219.201.245,2082,false,SIN,Asia Pacific,Singapore,279 ms,3607 kB/s
47.243.173.187,2052,false,HKG,Asia Pacific,Hong Kong,63 ms,3600 kB/s
47.237.0.31,2082,false,SIN,Asia Pacific,Singapore,276 ms,3599 kB/s
47.236.189.92,80,false,SIN,Asia Pacific,Singapore,276 ms,3597 kB/s
47.76.159.146,8080,false,HKG,Asia Pacific,Hong Kong,57 ms,3597 kB/s
47.237.10.1,2086,false,SIN,Asia Pacific,Singapore,274 ms,3595 kB/s
47.236.165.25,2086,false,SIN,Asia Pacific,Singapore,268 ms,3593 kB/s
47.236.202.91,2086,false,SIN,Asia Pacific,Singapore,273 ms,3590 kB/s
47.237.100.206,2052,false,SIN,Asia Pacific,Singapore,272 ms,3590 kB/s
8.217.154.218,2095,false,HKG,Asia Pacific,Hong Kong,67 ms,3576 kB/s
47.236.232.148,2086,false,SIN,Asia Pacific,Singapore,287 ms,3570 kB/s
47.236.174.206,2052,false,SIN,Asia Pacific,Singapore,280 ms,3555 kB/s
47.76.178.146,2082,false,HKG,Asia Pacific,Hong Kong,62 ms,3554 kB/s
47.236.232.148,8880,false,SIN,Asia Pacific,Singapore,269 ms,3554 kB/s
47.236.180.24,2095,false,SIN,Asia Pacific,Singapore,280 ms,3552 kB/s
8.218.52.115,8880,false,HKG,Asia Pacific,Hong Kong,62 ms,3551 kB/s
47.236.149.107,2082,false,SIN,Asia Pacific,Singapore,277 ms,3550 kB/s
47.237.84.173,2095,false,SIN,Asia Pacific,Singapore,288 ms,3549 kB/s
47.236.144.208,2095,false,SIN,Asia Pacific,Singapore,276 ms,3546 kB/s
47.236.83.239,8080,false,SIN,Asia Pacific,Singapore,280 ms,3538 kB/s
8.217.159.210,2082,false,HKG,Asia Pacific,Hong Kong,59 ms,3537 kB/s
47.236.17.193,2095,false,SIN,Asia Pacific,Singapore,279 ms,3536 kB/s
47.236.104.11,8080,false,SIN,Asia Pacific,Singapore,275 ms,3529 kB/s
47.236.9.152,2095,false,SIN,Asia Pacific,Singapore,286 ms,3525 kB/s
47.236.145.85,2095,false,SIN,Asia Pacific,Singapore,290 ms,3525 kB/s
8.219.201.245,2095,false,SIN,Asia Pacific,Singapore,290 ms,3524 kB/s
47.236.75.152,2082,false,SIN,Asia Pacific,Singapore,290 ms,3519 kB/s
8.219.126.240,2082,false,SIN,Asia Pacific,Singapore,287 ms,3515 kB/s
47.236.145.85,8880,false,SIN,Asia Pacific,Singapore,288 ms,3513 kB/s
47.243.173.187,2086,false,HKG,Asia Pacific,Hong Kong,58 ms,3509 kB/s
47.236.172.95,2082,false,SIN,Asia Pacific,Singapore,283 ms,3509 kB/s
47.236.150.13,8880,false,SIN,Asia Pacific,Singapore,266 ms,3504 kB/s
47.236.172.71,2082,false,SIN,Asia Pacific,Singapore,288 ms,3502 kB/s
47.236.145.85,2052,false,SIN,Asia Pacific,Singapore,282 ms,3501 kB/s
47.237.81.112,2095,false,SIN,Asia Pacific,Singapore,274 ms,3500 kB/s
8.219.124.227,2095,false,SIN,Asia Pacific,Singapore,274 ms,3497 kB/s
47.236.125.62,2082,false,NRT,Asia Pacific,Tokyo,363 ms,3496 kB/s
47.236.93.176,8080,false,SIN,Asia Pacific,Singapore,280 ms,3493 kB/s
47.236.232.148,80,false,SIN,Asia Pacific,Singapore,280 ms,3488 kB/s
8.218.11.90,2086,false,HKG,Asia Pacific,Hong Kong,60 ms,3487 kB/s
8.217.66.3,2086,false,HKG,Asia Pacific,Hong Kong,58 ms,3484 kB/s
47.237.0.31,2095,false,SIN,Asia Pacific,Singapore,275 ms,3476 kB/s
47.236.254.120,2082,false,SIN,Asia Pacific,Singapore,278 ms,3475 kB/s
47.237.125.8,2086,false,SIN,Asia Pacific,Singapore,263 ms,3466 kB/s
47.236.87.246,2095,false,SIN,Asia Pacific,Singapore,272 ms,3466 kB/s
47.236.117.48,2086,false,SIN,Asia Pacific,Singapore,278 ms,3466 kB/s
8.218.3.198,2082,false,HKG,Asia Pacific,Hong Kong,66 ms,3458 kB/s
47.236.169.164,80,false,SIN,Asia Pacific,Singapore,277 ms,3454 kB/s
47.237.94.140,8080,false,SIN,Asia Pacific,Singapore,287 ms,3451 kB/s
47.236.9.152,80,false,SIN,Asia Pacific,Singapore,279 ms,3447 kB/s
47.237.86.185,2052,false,SIN,Asia Pacific,Singapore,276 ms,3445 kB/s
47.236.150.13,2082,false,SIN,Asia Pacific,Singapore,279 ms,3444 kB/s
47.236.75.152,2052,false,SIN,Asia Pacific,Singapore,288 ms,3440 kB/s
47.76.227.128,2095,false,HKG,Asia Pacific,Hong Kong,61 ms,3433 kB/s
47.236.172.95,8080,false,SIN,Asia Pacific,Singapore,282 ms,3433 kB/s
47.236.118.216,2095,false,SIN,Asia Pacific,Singapore,279 ms,3431 kB/s
8.210.156.6,2052,false,HKG,Asia Pacific,Hong Kong,59 ms,3423 kB/s
47.236.202.91,8080,false,SIN,Asia Pacific,Singapore,274 ms,3421 kB/s
47.237.83.20,8080,false,SIN,Asia Pacific,Singapore,280 ms,3405 kB/s
8.219.93.5,8880,false,SIN,Asia Pacific,Singapore,261 ms,3401 kB/s
47.236.93.176,2086,false,SIN,Asia Pacific,Singapore,280 ms,3397 kB/s
47.237.95.146,2095,false,SIN,Asia Pacific,Singapore,275 ms,3397 kB/s
47.236.118.216,80,false,SIN,Asia Pacific,Singapore,276 ms,3390 kB/s
47.236.10.100,8880,false,SIN,Asia Pacific,Singapore,287 ms,3389 kB/s
47.76.227.128,2052,false,HKG,Asia Pacific,Hong Kong,71 ms,3387 kB/s
47.236.130.95,2095,false,SIN,Asia Pacific,Singapore,284 ms,3385 kB/s
47.76.178.146,2052,false,HKG,Asia Pacific,Hong Kong,66 ms,3374 kB/s
8.222.160.176,2095,false,SIN,Asia Pacific,Singapore,278 ms,3368 kB/s
47.237.83.20,2052,false,SIN,Asia Pacific,Singapore,267 ms,3365 kB/s
47.237.125.8,2082,false,SIN,Asia Pacific,Singapore,297 ms,3356 kB/s
47.236.87.246,2086,false,SIN,Asia Pacific,Singapore,267 ms,3353 kB/s
47.236.174.206,8080,false,SIN,Asia Pacific,Singapore,285 ms,3351 kB/s
47.236.253.41,2095,false,SIN,Asia Pacific,Singapore,268 ms,3332 kB/s
8.219.117.198,8880,false,SIN,Asia Pacific,Singapore,269 ms,3329 kB/s
8.219.201.245,8880,false,SIN,Asia Pacific,Singapore,282 ms,3316 kB/s
8.218.18.132,80,false,HKG,Asia Pacific,Hong Kong,66 ms,3309 kB/s
47.236.104.11,80,false,SIN,Asia Pacific,Singapore,278 ms,3304 kB/s
47.236.83.239,2095,false,SIN,Asia Pacific,Singapore,275 ms,3296 kB/s
47.236.180.24,2086,false,SIN,Asia Pacific,Singapore,276 ms,3292 kB/s
47.236.189.92,2086,false,SIN,Asia Pacific,Singapore,275 ms,3292 kB/s
8.222.136.247,2052,false,SIN,Asia Pacific,Singapore,279 ms,3291 kB/s
47.236.237.90,8080,false,SIN,Asia Pacific,Singapore,266 ms,3290 kB/s
47.236.125.62,2095,false,NRT,Asia Pacific,Tokyo,354 ms,3283 kB/s
47.236.5.223,2095,false,SIN,Asia Pacific,Singapore,263 ms,3279 kB/s
47.237.100.206,2095,false,SIN,Asia Pacific,Singapore,279 ms,3273 kB/s
8.219.117.198,80,false,SIN,Asia Pacific,Singapore,286 ms,3262 kB/s
47.236.5.223,80,false,SIN,Asia Pacific,Singapore,272 ms,3262 kB/s
47.236.180.24,2052,false,SIN,Asia Pacific,Singapore,273 ms,3258 kB/s
47.236.10.100,2095,false,SIN,Asia Pacific,Singapore,278 ms,3257 kB/s
47.236.164.215,2052,false,SIN,Asia Pacific,Singapore,282 ms,3252 kB/s
47.236.117.48,8080,false,SIN,Asia Pacific,Singapore,287 ms,3252 kB/s
47.243.173.187,2095,false,HKG,Asia Pacific,Hong Kong,63 ms,3252 kB/s
47.236.169.164,2095,false,SIN,Asia Pacific,Singapore,267 ms,3247 kB/s
47.236.144.208,2052,false,SIN,Asia Pacific,Singapore,285 ms,3246 kB/s
47.236.144.208,8080,false,SIN,Asia Pacific,Singapore,283 ms,3245 kB/s
8.219.93.5,2095,false,SIN,Asia Pacific,Singapore,266 ms,3234 kB/s
8.218.11.90,2095,false,HKG,Asia Pacific,Hong Kong,65 ms,3218 kB/s
8.217.159.210,2095,false,HKG,Asia Pacific,Hong Kong,65 ms,3215 kB/s
47.236.237.90,2095,false,SIN,Asia Pacific,Singapore,275 ms,3210 kB/s
47.236.87.246,8080,false,SIN,Asia Pacific,Singapore,280 ms,3208 kB/s
8.219.67.133,80,false,SIN,Asia Pacific,Singapore,270 ms,3201 kB/s
8.218.74.119,80,false,HKG,Asia Pacific,Hong Kong,63 ms,3201 kB/s
8.219.6.150,8080,false,SIN,Asia Pacific,Singapore,269 ms,3197 kB/s
47.237.11.182,8880,false,SIN,Asia Pacific,Singapore,273 ms,3192 kB/s
8.218.3.198,2095,false,HKG,Asia Pacific,Hong Kong,67 ms,3190 kB/s
8.210.34.188,2086,false,HKG,Asia Pacific,Hong Kong,64 ms,3178 kB/s
8.218.52.115,80,false,HKG,Asia Pacific,Hong Kong,61 ms,3164 kB/s
47.236.121.23,8880,false,SIN,Asia Pacific,Singapore,275 ms,3156 kB/s
47.237.95.140,2082,false,SIN,Asia Pacific,Singapore,275 ms,3148 kB/s
47.237.92.26,80,false,SIN,Asia Pacific,Singapore,270 ms,3146 kB/s
47.237.121.38,2082,false,SIN,Asia Pacific,Singapore,267 ms,3145 kB/s
47.237.95.140,2052,false,SIN,Asia Pacific,Singapore,273 ms,3145 kB/s
47.237.94.140,8880,false,SIN,Asia Pacific,Singapore,285 ms,3135 kB/s
47.76.146.1,2086,false,HKG,Asia Pacific,Hong Kong,68 ms,3128 kB/s
47.236.87.246,2052,false,SIN,Asia Pacific,Singapore,282 ms,3117 kB/s
8.210.175.109,2086,false,HKG,Asia Pacific,Hong Kong,58 ms,3101 kB/s
47.236.144.196,8880,false,SIN,Asia Pacific,Singapore,275 ms,3090 kB/s
47.236.149.107,80,false,SIN,Asia Pacific,Singapore,277 ms,3086 kB/s
47.236.145.85,2082,false,SIN,Asia Pacific,Singapore,283 ms,3083 kB/s
47.236.232.148,2052,false,SIN,Asia Pacific,Singapore,279 ms,3077 kB/s
47.237.95.13,2082,false,SIN,Asia Pacific,Singapore,289 ms,3050 kB/s
47.236.104.11,2095,false,SIN,Asia Pacific,Singapore,290 ms,3047 kB/s
47.237.11.182,8080,false,SIN,Asia Pacific,Singapore,279 ms,3046 kB/s
47.236.168.17,2052,false,SIN,Asia Pacific,Singapore,286 ms,3041 kB/s
8.219.83.71,80,false,SIN,Asia Pacific,Singapore,275 ms,3039 kB/s
47.237.84.173,8880,false,SIN,Asia Pacific,Singapore,288 ms,3032 kB/s
47.237.95.146,80,false,SIN,Asia Pacific,Singapore,283 ms,3014 kB/s
47.76.204.76,80,false,HKG,Asia Pacific,Hong Kong,62 ms,3010 kB/s
8.219.189.143,8880,false,SIN,Asia Pacific,Singapore,279 ms,3005 kB/s
8.222.191.138,8880,false,SIN,Asia Pacific,Singapore,283 ms,2999 kB/s
8.210.164.75,8080,false,HKG,Asia Pacific,Hong Kong,63 ms,2985 kB/s
47.236.125.62,2052,false,NRT,Asia Pacific,Tokyo,359 ms,2982 kB/s
47.236.10.100,2082,false,SIN,Asia Pacific,Singapore,287 ms,2973 kB/s
8.218.11.90,80,false,HKG,Asia Pacific,Hong Kong,64 ms,2969 kB/s
47.237.84.173,2086,false,SIN,Asia Pacific,Singapore,274 ms,2940 kB/s
47.236.121.23,80,false,SIN,Asia Pacific,Singapore,277 ms,2933 kB/s
47.236.102.102,2082,false,SIN,Asia Pacific,Singapore,285 ms,2930 kB/s
8.223.2.222,80,false,SIN,Asia Pacific,Singapore,67 ms,2930 kB/s
47.242.59.216,2095,false,HKG,Asia Pacific,Hong Kong,65 ms,2929 kB/s
47.236.144.208,80,false,SIN,Asia Pacific,Singapore,280 ms,2924 kB/s
47.236.117.48,2095,false,SIN,Asia Pacific,Singapore,282 ms,2922 kB/s
47.236.104.11,2082,false,SIN,Asia Pacific,Singapore,275 ms,2911 kB/s
47.237.100.206,2082,false,SIN,Asia Pacific,Singapore,282 ms,2884 kB/s
47.245.126.151,80,false,SIN,Asia Pacific,Singapore,280 ms,2874 kB/s
47.236.75.113,8080,false,SIN,Asia Pacific,Singapore,282 ms,2870 kB/s
47.237.83.20,8880,false,SIN,Asia Pacific,Singapore,275 ms,2859 kB/s
47.237.81.112,2052,false,SIN,Asia Pacific,Singapore,277 ms,2857 kB/s
47.76.227.128,8080,false,HKG,Asia Pacific,Hong Kong,66 ms,2856 kB/s
47.236.130.95,2082,false,SIN,Asia Pacific,Singapore,281 ms,2845 kB/s
8.218.65.171,2095,false,HKG,Asia Pacific,Hong Kong,69 ms,2844 kB/s
47.237.125.8,2052,false,SIN,Asia Pacific,Singapore,279 ms,2844 kB/s
47.237.83.20,2095,false,SIN,Asia Pacific,Singapore,282 ms,2844 kB/s
47.242.174.27,8080,false,HKG,Asia Pacific,Hong Kong,63 ms,2841 kB/s
8.218.201.73,2052,false,HKG,Asia Pacific,Hong Kong,67 ms,2841 kB/s
47.236.125.62,8080,false,NRT,Asia Pacific,Tokyo,357 ms,2833 kB/s
8.210.156.6,8080,false,HKG,Asia Pacific,Hong Kong,71 ms,2830 kB/s
47.236.237.90,2086,false,SIN,Asia Pacific,Singapore,276 ms,2826 kB/s
47.236.75.152,8080,false,SIN,Asia Pacific,Singapore,266 ms,2791 kB/s
47.242.234.127,2082,false,HKG,Asia Pacific,Hong Kong,60 ms,2785 kB/s
8.210.175.109,2095,false,HKG,Asia Pacific,Hong Kong,63 ms,2771 kB/s
47.236.93.176,2095,false,SIN,Asia Pacific,Singapore,277 ms,2767 kB/s
47.236.202.91,2082,false,SIN,Asia Pacific,Singapore,282 ms,2737 kB/s
8.218.65.237,2086,false,HKG,Asia Pacific,Hong Kong,59 ms,2732 kB/s
47.236.180.51,2052,false,SIN,Asia Pacific,Singapore,278 ms,2721 kB/s
8.218.52.115,2082,false,HKG,Asia Pacific,Hong Kong,67 ms,2719 kB/s
47.236.202.91,2052,false,SIN,Asia Pacific,Singapore,288 ms,2697 kB/s
8.218.201.73,2082,false,HKG,Asia Pacific,Hong Kong,65 ms,2694 kB/s
47.236.253.41,2082,false,SIN,Asia Pacific,Singapore,276 ms,2686 kB/s
47.237.95.140,8080,false,SIN,Asia Pacific,Singapore,274 ms,2682 kB/s
47.236.253.41,2086,false,SIN,Asia Pacific,Singapore,272 ms,2680 kB/s
47.237.121.38,2086,false,SIN,Asia Pacific,Singapore,279 ms,2679 kB/s
47.236.237.90,80,false,SIN,Asia Pacific,Singapore,271 ms,2670 kB/s
47.236.202.91,80,false,SIN,Asia Pacific,Singapore,267 ms,2660 kB/s
47.237.95.13,8880,false,SIN,Asia Pacific,Singapore,284 ms,2659 kB/s
47.242.234.127,2095,false,HKG,Asia Pacific,Hong Kong,59 ms,2650 kB/s
47.237.11.182,2086,false,SIN,Asia Pacific,Singapore,284 ms,2623 kB/s
8.219.126.240,2086,false,SIN,Asia Pacific,Singapore,283 ms,2615 kB/s
8.217.251.62,8880,false,HKG,Asia Pacific,Hong Kong,68 ms,2612 kB/s
47.236.237.90,2082,false,SIN,Asia Pacific,Singapore,282 ms,2607 kB/s
8.218.65.237,8080,false,HKG,Asia Pacific,Hong Kong,68 ms,2598 kB/s
47.237.92.26,8080,false,SIN,Asia Pacific,Singapore,286 ms,2596 kB/s
47.76.33.40,2095,false,HKG,Asia Pacific,Hong Kong,69 ms,2573 kB/s
47.242.59.216,2086,false,HKG,Asia Pacific,Hong Kong,65 ms,2566 kB/s
47.237.94.140,2082,false,SIN,Asia Pacific,Singapore,265 ms,2557 kB/s
8.210.156.6,8880,false,HKG,Asia Pacific,Hong Kong,59 ms,2534 kB/s
8.218.3.198,80,false,HKG,Asia Pacific,Hong Kong,63 ms,2529 kB/s
47.76.192.24,2086,false,HKG,Asia Pacific,Hong Kong,59 ms,2519 kB/s
47.236.180.51,80,false,SIN,Asia Pacific,Singapore,266 ms,2514 kB/s
8.222.191.138,8080,false,SIN,Asia Pacific,Singapore,267 ms,2511 kB/s
8.219.6.150,80,false,SIN,Asia Pacific,Singapore,267 ms,2502 kB/s
47.236.80.110,8080,false,SIN,Asia Pacific,Singapore,279 ms,2489 kB/s
47.238.6.58,2095,false,HKG,Asia Pacific,Hong Kong,69 ms,2488 kB/s
47.76.178.146,2095,false,HKG,Asia Pacific,Hong Kong,58 ms,2483 kB/s
8.210.34.188,8880,false,HKG,Asia Pacific,Hong Kong,62 ms,2441 kB/s
47.76.192.24,8880,false,HKG,Asia Pacific,Hong Kong,56 ms,2412 kB/s
8.219.189.143,80,false,SIN,Asia Pacific,Singapore,273 ms,2394 kB/s
8.210.207.214,2052,false,HKG,Asia Pacific,Hong Kong,58 ms,2394 kB/s
47.236.180.51,8880,false,SIN,Asia Pacific,Singapore,273 ms,2388 kB/s
8.223.3.253,80,false,SIN,Asia Pacific,Singapore,68 ms,2388 kB/s
47.243.183.127,2086,false,HKG,Asia Pacific,Hong Kong,60 ms,2370 kB/s
8.218.48.92,2086,false,HKG,Asia Pacific,Hong Kong,63 ms,2359 kB/s
8.218.188.129,2095,false,HKG,Asia Pacific,Hong Kong,57 ms,2346 kB/s
47.76.37.57,80,false,HKG,Asia Pacific,Hong Kong,55 ms,2346 kB/s
8.217.91.121,2086,false,HKG,Asia Pacific,Hong Kong,66 ms,2345 kB/s
8.218.18.235,8080,false,HKG,Asia Pacific,Hong Kong,62 ms,2331 kB/s
47.76.227.128,80,false,HKG,Asia Pacific,Hong Kong,63 ms,2325 kB/s
47.236.253.41,8080,false,SIN,Asia Pacific,Singapore,272 ms,2312 kB/s
8.218.243.95,2086,false,HKG,Asia Pacific,Hong Kong,66 ms,2289 kB/s
8.218.18.132,2086,false,HKG,Asia Pacific,Hong Kong,65 ms,2271 kB/s
47.236.253.41,2052,false,SIN,Asia Pacific,Singapore,281 ms,2267 kB/s
8.219.189.143,8080,false,SIN,Asia Pacific,Singapore,282 ms,2256 kB/s
8.212.41.98,8080,false,SJC,North America,San Jose,71 ms,2244 kB/s
47.236.80.110,2095,false,SIN,Asia Pacific,Singapore,270 ms,2230 kB/s
47.243.183.127,2052,false,HKG,Asia Pacific,Hong Kong,68 ms,2218 kB/s
47.236.170.225,2095,false,SIN,Asia Pacific,Singapore,272 ms,2169 kB/s
47.242.174.27,8880,false,HKG,Asia Pacific,Hong Kong,59 ms,2163 kB/s
47.236.180.51,2086,false,SIN,Asia Pacific,Singapore,267 ms,2129 kB/s
8.217.149.28,8880,false,HKG,Asia Pacific,Hong Kong,62 ms,2102 kB/s
47.237.95.140,80,false,SIN,Asia Pacific,Singapore,287 ms,2098 kB/s
8.218.52.115,2095,false,HKG,Asia Pacific,Hong Kong,64 ms,2090 kB/s
8.217.91.121,80,false,HKG,Asia Pacific,Hong Kong,63 ms,2089 kB/s
8.218.204.128,2052,false,HKG,Asia Pacific,Hong Kong,76 ms,2084 kB/s
8.212.41.98,80,false,SIN,Asia Pacific,Singapore,77 ms,2078 kB/s
8.217.239.116,2095,false,HKG,Asia Pacific,Hong Kong,61 ms,2021 kB/s
47.237.95.13,8080,false,SIN,Asia Pacific,Singapore,283 ms,2018 kB/s
47.236.180.51,2082,false,SIN,Asia Pacific,Singapore,270 ms,1987 kB/s
47.236.80.110,80,false,SIN,Asia Pacific,Singapore,275 ms,1952 kB/s
47.236.170.225,80,false,SIN,Asia Pacific,Singapore,288 ms,1951 kB/s
47.236.170.225,2052,false,SIN,Asia Pacific,Singapore,272 ms,1942 kB/s
47.243.90.180,2052,false,HKG,Asia Pacific,Hong Kong,63 ms,1929 kB/s
47.245.126.151,2082,false,SIN,Asia Pacific,Singapore,286 ms,1926 kB/s
47.76.227.40,80,false,HKG,Asia Pacific,Hong Kong,60 ms,1921 kB/s
8.210.39.96,80,false,HKG,Asia Pacific,Hong Kong,60 ms,1894 kB/s
47.237.95.146,2082,false,SIN,Asia Pacific,Singapore,285 ms,1866 kB/s
47.76.204.76,8080,false,HKG,Asia Pacific,Hong Kong,59 ms,1864 kB/s
8.218.243.95,2082,false,HKG,Asia Pacific,Hong Kong,69 ms,1853 kB/s
8.210.156.6,2082,false,HKG,Asia Pacific,Hong Kong,67 ms,1853 kB/s
47.245.126.151,2095,false,SIN,Asia Pacific,Singapore,293 ms,1837 kB/s
8.218.48.92,8880,false,HKG,Asia Pacific,Hong Kong,59 ms,1835 kB/s
8.218.228.152,2082,false,HKG,Asia Pacific,Hong Kong,64 ms,1804 kB/s
8.218.204.128,2095,false,HKG,Asia Pacific,Hong Kong,65 ms,1737 kB/s
47.236.80.110,2086,false,SIN,Asia Pacific,Singapore,277 ms,1715 kB/s
47.76.227.40,2086,false,HKG,Asia Pacific,Hong Kong,57 ms,1705 kB/s
47.236.80.110,2082,false,SIN,Asia Pacific,Singapore,277 ms,1681 kB/s
8.218.3.198,8080,false,HKG,Asia Pacific,Hong Kong,59 ms,1680 kB/s
47.238.6.58,80,false,HKG,Asia Pacific,Hong Kong,68 ms,1671 kB/s
47.90.141.204,80,false,LAX,North America,Los Angeles,241 ms,1648 kB/s
8.219.77.141,80,false,SJC,North America,San Jose,285 ms,1647 kB/s
8.210.34.188,80,false,HKG,Asia Pacific,Hong Kong,58 ms,1643 kB/s
8.218.204.128,8080,false,HKG,Asia Pacific,Hong Kong,67 ms,1607 kB/s
47.245.126.151,8080,false,SIN,Asia Pacific,Singapore,291 ms,1586 kB/s
8.217.159.210,8880,false,HKG,Asia Pacific,Hong Kong,59 ms,1549 kB/s
47.243.90.180,2086,false,HKG,Asia Pacific,Hong Kong,59 ms,1541 kB/s
47.76.94.15,2052,false,HKG,Asia Pacific,Hong Kong,60 ms,1512 kB/s
47.243.90.180,2095,false,HKG,Asia Pacific,Hong Kong,59 ms,1497 kB/s
8.210.164.75,2095,false,HKG,Asia Pacific,Hong Kong,71 ms,1450 kB/s
8.219.40.37,8880,false,SIN,Asia Pacific,Singapore,94 ms,1427 kB/s
8.210.164.75,2082,false,HKG,Asia Pacific,Hong Kong,65 ms,1409 kB/s
47.76.37.57,2095,false,HKG,Asia Pacific,Hong Kong,62 ms,1393 kB/s
8.218.174.118,8080,false,HKG,Asia Pacific,Hong Kong,62 ms,1371 kB/s
8.217.149.28,2095,false,HKG,Asia Pacific,Hong Kong,60 ms,1363 kB/s
47.237.11.182,2082,false,SIN,Asia Pacific,Singapore,274 ms,1345 kB/s
8.218.188.129,8080,false,HKG,Asia Pacific,Hong Kong,63 ms,1323 kB/s
8.217.145.40,2052,false,HKG,Asia Pacific,Hong Kong,63 ms,1311 kB/s
47.242.59.216,80,false,HKG,Asia Pacific,Hong Kong,63 ms,1298 kB/s
47.76.214.139,80,false,HKG,Asia Pacific,Hong Kong,58 ms,1279 kB/s
8.218.204.128,80,false,HKG,Asia Pacific,Hong Kong,61 ms,1272 kB/s
8.217.239.116,8080,false,HKG,Asia Pacific,Hong Kong,59 ms,1270 kB/s
47.242.202.230,2086,false,HKG,Asia Pacific,Hong Kong,61 ms,1259 kB/s
47.243.173.187,8880,false,HKG,Asia Pacific,Hong Kong,57 ms,1229 kB/s
47.76.227.40,2095,false,HKG,Asia Pacific,Hong Kong,59 ms,1209 kB/s
8.218.122.55,2095,false,HKG,Asia Pacific,Hong Kong,70 ms,1199 kB/s
8.209.119.190,80,false,SJC,North America,San Jose,249 ms,1188 kB/s
8.218.181.189,8880,false,HKG,Asia Pacific,Hong Kong,61 ms,1186 kB/s
8.217.149.28,80,false,HKG,Asia Pacific,Hong Kong,62 ms,1162 kB/s
8.218.65.171,8880,false,HKG,Asia Pacific,Hong Kong,67 ms,1160 kB/s
8.218.243.95,8080,false,HKG,Asia Pacific,Hong Kong,69 ms,1153 kB/s
47.76.214.139,2086,false,HKG,Asia Pacific,Hong Kong,61 ms,1146 kB/s
8.218.201.73,2095,false,HKG,Asia Pacific,Hong Kong,68 ms,1130 kB/s
8.210.175.109,2082,false,HKG,Asia Pacific,Hong Kong,62 ms,1125 kB/s
8.217.72.0,2052,false,HKG,Asia Pacific,Hong Kong,63 ms,1101 kB/s
8.218.18.132,8080,false,HKG,Asia Pacific,Hong Kong,67 ms,1097 kB/s
8.217.154.218,8080,false,HKG,Asia Pacific,Hong Kong,70 ms,1076 kB/s
8.218.188.129,80,false,HKG,Asia Pacific,Hong Kong,66 ms,1054 kB/s
47.76.204.76,2086,false,HKG,Asia Pacific,Hong Kong,60 ms,1048 kB/s
8.210.207.214,2086,false,HKG,Asia Pacific,Hong Kong,55 ms,1030 kB/s
8.210.207.214,2095,false,HKG,Asia Pacific,Hong Kong,62 ms,995 kB/s
8.218.48.92,2052,false,HKG,Asia Pacific,Hong Kong,65 ms,932 kB/s
47.76.204.76,2095,false,HKG,Asia Pacific,Hong Kong,56 ms,918 kB/s
47.242.232.14,2082,false,HKG,Asia Pacific,Hong Kong,66 ms,892 kB/s
8.218.74.119,2095,false,HKG,Asia Pacific,Hong Kong,62 ms,856 kB/s
47.242.232.14,8880,false,HKG,Asia Pacific,Hong Kong,64 ms,841 kB/s
8.218.243.95,2095,false,HKG,Asia Pacific,Hong Kong,68 ms,833 kB/s
47.76.33.40,2052,false,HKG,Asia Pacific,Hong Kong,68 ms,828 kB/s
8.219.126.240,80,false,SIN,Asia Pacific,Singapore,282 ms,817 kB/s
47.243.183.127,2095,false,HKG,Asia Pacific,Hong Kong,66 ms,815 kB/s
47.76.178.146,2086,false,HKG,Asia Pacific,Hong Kong,68 ms,813 kB/s
8.217.239.116,8880,false,HKG,Asia Pacific,Hong Kong,61 ms,812 kB/s
47.242.202.230,2095,false,HKG,Asia Pacific,Hong Kong,65 ms,787 kB/s
8.218.243.95,8880,false,HKG,Asia Pacific,Hong Kong,64 ms,787 kB/s
8.210.207.214,8080,false,HKG,Asia Pacific,Hong Kong,56 ms,777 kB/s
8.210.34.188,8080,false,HKG,Asia Pacific,Hong Kong,67 ms,777 kB/s
47.76.33.40,8080,false,HKG,Asia Pacific,Hong Kong,69 ms,762 kB/s
47.76.214.139,8880,false,HKG,Asia Pacific,Hong Kong,62 ms,753 kB/s
47.76.227.40,8880,false,HKG,Asia Pacific,Hong Kong,58 ms,744 kB/s
47.243.183.127,8080,false,HKG,Asia Pacific,Hong Kong,58 ms,711 kB/s
47.238.40.58,2095,false,HKG,Asia Pacific,Hong Kong,65 ms,703 kB/s
8.218.18.235,2095,false,HKG,Asia Pacific,Hong Kong,67 ms,692 kB/s
47.76.26.26,8880,false,HKG,Asia Pacific,Hong Kong,60 ms,692 kB/s
47.76.227.40,8080,false,HKG,Asia Pacific,Hong Kong,56 ms,681 kB/s
47.242.232.14,2095,false,HKG,Asia Pacific,Hong Kong,63 ms,675 kB/s
8.217.66.3,8080,false,HKG,Asia Pacific,Hong Kong,58 ms,670 kB/s
47.76.33.40,2086,false,HKG,Asia Pacific,Hong Kong,70 ms,654 kB/s
47.76.37.57,2052,false,HKG,Asia Pacific,Hong Kong,69 ms,644 kB/s
8.217.250.222,2052,false,HKG,Asia Pacific,Hong Kong,59 ms,607 kB/s
47.242.202.230,8880,false,HKG,Asia Pacific,Hong Kong,57 ms,587 kB/s
8.219.83.71,8880,false,SIN,Asia Pacific,Singapore,264 ms,580 kB/s
8.218.201.73,8880,false,HKG,Asia Pacific,Hong Kong,82 ms,576 kB/s
8.217.91.121,8880,false,HKG,Asia Pacific,Hong Kong,67 ms,573 kB/s
8.218.126.53,80,false,HKG,Asia Pacific,Hong Kong,65 ms,568 kB/s
8.210.175.109,80,false,HKG,Asia Pacific,Hong Kong,56 ms,567 kB/s
8.210.39.96,8880,false,HKG,Asia Pacific,Hong Kong,61 ms,548 kB/s
8.217.66.3,2052,false,HKG,Asia Pacific,Hong Kong,70 ms,535 kB/s
8.218.228.152,2052,false,HKG,Asia Pacific,Hong Kong,63 ms,526 kB/s
8.217.251.62,8080,false,HKG,Asia Pacific,Hong Kong,73 ms,520 kB/s
8.217.66.3,2082,false,HKG,Asia Pacific,Hong Kong,61 ms,510 kB/s
8.218.174.118,80,false,HKG,Asia Pacific,Hong Kong,66 ms,509 kB/s
47.242.232.14,80,false,HKG,Asia Pacific,Hong Kong,67 ms,503 kB/s
8.218.3.198,8880,false,HKG,Asia Pacific,Hong Kong,64 ms,500 kB/s
8.210.34.188,2095,false,HKG,Asia Pacific,Hong Kong,61 ms,497 kB/s
8.217.72.0,2086,false,HKG,Asia Pacific,Hong Kong,55 ms,486 kB/s
8.217.250.222,80,false,HKG,Asia Pacific,Hong Kong,66 ms,468 kB/s
8.218.48.92,2095,false,HKG,Asia Pacific,Hong Kong,64 ms,457 kB/s
8.218.204.128,8880,false,HKG,Asia Pacific,Hong Kong,70 ms,456 kB/s
47.243.169.63,2052,false,HKG,Asia Pacific,Hong Kong,55 ms,453 kB/s
47.242.174.27,80,false,HKG,Asia Pacific,Hong Kong,59 ms,440 kB/s
47.243.90.180,80,false,HKG,Asia Pacific,Hong Kong,66 ms,421 kB/s
8.218.48.92,80,false,HKG,Asia Pacific,Hong Kong,66 ms,409 kB/s
8.218.65.237,8880,false,HKG,Asia Pacific,Hong Kong,60 ms,406 kB/s
8.218.65.171,80,false,HKG,Asia Pacific,Hong Kong,77 ms,398 kB/s
47.76.94.15,2086,false,HKG,Asia Pacific,Hong Kong,59 ms,389 kB/s
47.243.169.63,80,false,HKG,Asia Pacific,Hong Kong,63 ms,382 kB/s
47.76.94.15,8880,false,HKG,Asia Pacific,Hong Kong,59 ms,378 kB/s
8.218.126.53,8080,false,HKG,Asia Pacific,Hong Kong,61 ms,372 kB/s
47.76.32.108,80,false,HKG,Asia Pacific,Hong Kong,59 ms,368 kB/s
8.217.250.222,2082,false,HKG,Asia Pacific,Hong Kong,58 ms,361 kB/s
8.210.34.188,2082,false,HKG,Asia Pacific,Hong Kong,68 ms,350 kB/s
47.242.202.230,80,false,HKG,Asia Pacific,Hong Kong,56 ms,341 kB/s
8.217.72.0,80,false,HKG,Asia Pacific,Hong Kong,58 ms,321 kB/s
8.217.91.121,2095,false,HKG,Asia Pacific,Hong Kong,72 ms,320 kB/s
47.76.214.139,2082,false,HKG,Asia Pacific,Hong Kong,62 ms,312 kB/s
8.218.143.10,80,false,HKG,Asia Pacific,Hong Kong,60 ms,308 kB/s
47.76.94.15,8080,false,HKG,Asia Pacific,Hong Kong,60 ms,298 kB/s
47.242.234.127,8880,false,HKG,Asia Pacific,Hong Kong,66 ms,297 kB/s
8.210.164.75,2086,false,HKG,Asia Pacific,Hong Kong,69 ms,286 kB/s
8.210.175.109,8880,false,HKG,Asia Pacific,Hong Kong,58 ms,279 kB/s
47.76.204.76,2082,false,HKG,Asia Pacific,Hong Kong,64 ms,267 kB/s
47.57.245.232,80,false,SJC,North America,San Jose,73 ms,242 kB/s
47.76.49.246,2086,false,HKG,Asia Pacific,Hong Kong,61 ms,223 kB/s
8.218.201.73,8080,false,HKG,Asia Pacific,Hong Kong,67 ms,206 kB/s
8.218.201.73,80,false,HKG,Asia Pacific,Hong Kong,67 ms,194 kB/s
8.218.201.73,2086,false,HKG,Asia Pacific,Hong Kong,68 ms,179 kB/s
47.243.90.180,2082,false,HKG,Asia Pacific,Hong Kong,65 ms,170 kB/s
47.76.49.246,8880,false,HKG,Asia Pacific,Hong Kong,58 ms,166 kB/s
47.76.29.115,2052,false,HKG,Asia Pacific,Hong Kong,60 ms,165 kB/s
8.210.175.109,8080,false,HKG,Asia Pacific,Hong Kong,56 ms,160 kB/s
47.242.202.230,2052,false,HKG,Asia Pacific,Hong Kong,56 ms,160 kB/s
47.76.214.139,8080,false,HKG,Asia Pacific,Hong Kong,60 ms,159 kB/s
8.218.143.10,8080,false,HKG,Asia Pacific,Hong Kong,57 ms,152 kB/s
47.57.13.107,80,false,HKG,Asia Pacific,Hong Kong,78 ms,152 kB/s
8.218.143.10,2095,false,HKG,Asia Pacific,Hong Kong,63 ms,142 kB/s
8.218.143.10,8880,false,HKG,Asia Pacific,Hong Kong,61 ms,136 kB/s
8.210.156.6,80,false,HKG,Asia Pacific,Hong Kong,65 ms,131 kB/s
47.76.94.15,2095,false,HKG,Asia Pacific,Hong Kong,58 ms,116 kB/s
8.210.156.6,2095,false,HKG,Asia Pacific,Hong Kong,68 ms,116 kB/s
47.76.214.139,2052,false,HKG,Asia Pacific,Hong Kong,60 ms,111 kB/s
8.212.12.98,80,false,HKG,Asia Pacific,Hong Kong,65 ms,101 kB/s
8.210.156.6,2086,false,HKG,Asia Pacific,Hong Kong,58 ms,99 kB/s
47.242.234.127,8080,false,HKG,Asia Pacific,Hong Kong,55 ms,93 kB/s
8.218.143.10,2086,false,HKG,Asia Pacific,Hong Kong,55 ms,90 kB/s
8.210.207.214,80,false,HKG,Asia Pacific,Hong Kong,57 ms,88 kB/s
8.218.52.115,8080,false,HKG,Asia Pacific,Hong Kong,68 ms,57 kB/s
149.129.8.215,80,false,SJC,North America,San Jose,92 ms,52 kB/s
8.218.143.10,2082,false,HKG,Asia Pacific,Hong Kong,63 ms,49 kB/s
8.218.122.55,80,false,HKG,Asia Pacific,Hong Kong,66 ms,44 kB/s
47.57.233.126,80,false,SJC,North America,San Jose,62 ms,42 kB/s
47.76.26.26,2082,false,HKG,Asia Pacific,Hong Kong,64 ms,39 kB/s
47.243.183.127,80,false,HKG,Asia Pacific,Hong Kong,71 ms,36 kB/s
47.57.14.118,80,false,SJC,North America,San Jose,78 ms,25 kB/s
47.76.214.139,2095,false,HKG,Asia Pacific,Hong Kong,60 ms,21 kB/s
47.76.29.115,8080,false,HKG,Asia Pacific,Hong Kong,68 ms,20 kB/s
47.76.29.115,8880,false,HKG,Asia Pacific,Hong Kong,62 ms,20 kB/s
8.210.39.96,8080,false,HKG,Asia Pacific,Hong Kong,59 ms,17 kB/s
8.218.143.10,2052,false,HKG,Asia Pacific,Hong Kong,57 ms,17 kB/s
8.217.66.3,2095,false,HKG,Asia Pacific,Hong Kong,60 ms,15 kB/s
8.217.72.0,8080,false,HKG,Asia Pacific,Hong Kong,63 ms,12 kB/s
47.76.49.246,80,false,HKG,Asia Pacific,Hong Kong,63 ms,11 kB/s
47.76.26.26,2095,false,HKG,Asia Pacific,Hong Kong,62 ms,10 kB/s
8.210.207.214,2082,false,HKG,Asia Pacific,Hong Kong,68 ms,9 kB/s
47.76.29.115,80,false,HKG,Asia Pacific,Hong Kong,65 ms,0 kB/s
8.218.174.118,8880,false,HKG,Asia Pacific,Hong Kong,63 ms,0 kB/s
47.237.92.26,2052,false,SIN,Asia Pacific,Singapore,280 ms,0 kB/s
47.237.8.82,8080,false,SIN,Asia Pacific,Singapore,273 ms,0 kB/s
47.76.33.40,8880,false,HKG,Asia Pacific,Hong Kong,74 ms,0 kB/s
8.218.126.53,8880,false,HKG,Asia Pacific,Hong Kong,63 ms,0 kB/s
47.76.37.57,8080,false,HKG,Asia Pacific,Hong Kong,67 ms,0 kB/s
47.76.37.57,8880,false,HKG,Asia Pacific,Hong Kong,55 ms,0 kB/s
47.76.94.15,2082,false,HKG,Asia Pacific,Hong Kong,66 ms,0 kB/s
47.238.40.58,80,false,HKG,Asia Pacific,Hong Kong,67 ms,0 kB/s
47.76.94.15,80,false,HKG,Asia Pacific,Hong Kong,59 ms,0 kB/s
47.238.40.58,8880,false,HKG,Asia Pacific,Hong Kong,64 ms,0 kB/s
8.218.11.90,8080,false,HKG,Asia Pacific,Hong Kong,69 ms,0 kB/s
47.76.49.246,8080,false,HKG,Asia Pacific,Hong Kong,61 ms,0 kB/s
47.76.33.40,80,false,HKG,Asia Pacific,Hong Kong,65 ms,0 kB/s
47.238.6.102,2095,false,HKG,Asia Pacific,Hong Kong,62 ms,0 kB/s
47.238.6.58,8880,false,HKG,Asia Pacific,Hong Kong,67 ms,0 kB/s
47.76.33.40,2082,false,HKG,Asia Pacific,Hong Kong,67 ms,0 kB/s
8.218.18.132,8880,false,HKG,Asia Pacific,Hong Kong,60 ms,0 kB/s
47.76.29.115,2095,false,HKG,Asia Pacific,Hong Kong,79 ms,0 kB/s
8.218.204.128,2082,false,HKG,Asia Pacific,Hong Kong,63 ms,0 kB/s
8.218.204.128,2086,false,HKG,Asia Pacific,Hong Kong,66 ms,0 kB/s
47.242.234.127,80,false,HKG,Asia Pacific,Hong Kong,62 ms,0 kB/s
8.218.243.95,80,false,HKG,Asia Pacific,Hong Kong,70 ms,0 kB/s
8.217.72.0,8880,false,HKG,Asia Pacific,Hong Kong,59 ms,0 kB/s
47.242.59.216,8080,false,HKG,Asia Pacific,Hong Kong,57 ms,0 kB/s
8.218.48.92,2082,false,HKG,Asia Pacific,Hong Kong,68 ms,0 kB/s
47.242.59.216,8880,false,HKG,Asia Pacific,Hong Kong,56 ms,0 kB/s
8.217.72.0,2095,false,HKG,Asia Pacific,Hong Kong,60 ms,0 kB/s
8.218.228.152,2095,false,HKG,Asia Pacific,Hong Kong,65 ms,0 kB/s
47.243.173.187,8080,false,HKG,Asia Pacific,Hong Kong,66 ms,0 kB/s
8.217.72.0,2082,false,HKG,Asia Pacific,Hong Kong,60 ms,0 kB/s
47.243.173.187,80,false,HKG,Asia Pacific,Hong Kong,66 ms,0 kB/s
8.218.228.152,2086,false,HKG,Asia Pacific,Hong Kong,73 ms,0 kB/s
8.217.251.62,2082,false,HKG,Asia Pacific,Hong Kong,67 ms,0 kB/s
8.217.251.62,2095,false,HKG,Asia Pacific,Hong Kong,69 ms,0 kB/s
8.218.48.92,8080,false,HKG,Asia Pacific,Hong Kong,69 ms,0 kB/s
47.243.169.63,2095,false,HKG,Asia Pacific,Hong Kong,55 ms,0 kB/s
8.217.250.222,8880,false,HKG,Asia Pacific,Hong Kong,67 ms,0 kB/s
8.217.250.222,8080,false,HKG,Asia Pacific,Hong Kong,70 ms,0 kB/s
8.217.250.222,2095,false,HKG,Asia Pacific,Hong Kong,63 ms,0 kB/s
47.76.204.76,8880,false,HKG,Asia Pacific,Hong Kong,59 ms,0 kB/s
8.217.250.222,2086,false,HKG,Asia Pacific,Hong Kong,62 ms,0 kB/s
47.236.150.13,8080,false,SIN,Asia Pacific,Singapore,287 ms,0 kB/s
47.236.165.25,2052,false,SIN,Asia Pacific,Singapore,270 ms,0 kB/s
8.217.239.116,2086,false,HKG,Asia Pacific,Hong Kong,67 ms,0 kB/s
47.243.90.180,8080,false,HKG,Asia Pacific,Hong Kong,65 ms,0 kB/s
47.243.90.180,8880,false,HKG,Asia Pacific,Hong Kong,68 ms,0 kB/s
8.218.65.171,8080,false,HKG,Asia Pacific,Hong Kong,68 ms,0 kB/s
47.76.26.26,80,false,HKG,Asia Pacific,Hong Kong,68 ms,0 kB/s
8.210.207.214,8880,false,HKG,Asia Pacific,Hong Kong,63 ms,0 kB/s
8.210.34.188,2052,false,HKG,Asia Pacific,Hong Kong,63 ms,0 kB/s
47.76.146.1,80,false,HKG,Asia Pacific,Hong Kong,60 ms,0 kB/s
47.76.146.1,8080,false,HKG,Asia Pacific,Hong Kong,65 ms,0 kB/s
8.217.145.40,80,false,HKG,Asia Pacific,Hong Kong,67 ms,0 kB/s
47.76.159.146,80,false,HKG,Asia Pacific,Hong Kong,65 ms,0 kB/s
47.76.192.24,8080,false,HKG,Asia Pacific,Hong Kong,65 ms,0 kB/s
8.219.113.232,2082,false,SIN,Asia Pacific,Singapore,277 ms,0 kB/s
8.218.74.119,8880,false,HKG,Asia Pacific,Hong Kong,61 ms,0 kB/s
